name,id,home,team,pos,defense_ast,defense_ffum,defense_frec,defense_frec_tds,defense_frec_yds,defense_int,defense_int_tds,defense_int_yds,defense_pass_def,defense_qbhit,defense_sk,defense_sk_yds,defense_tds,defense_tkl,defense_tkl_loss,defense_tkl_loss_yds,defense_tkl_primary,fumbles_forced,fumbles_lost,fumbles_notforced,fumbles_oob,fumbles_rec,fumbles_rec_tds,fumbles_rec_yds,fumbles_tot,kicking_all_yds,kicking_fga,kicking_fgm,kicking_fgm_yds,kicking_fgmissed,kicking_fgmissed_yds,kicking_i20,kicking_tot,kicking_touchback,kicking_xpa,kicking_xpmade,kicking_xpmissed,kicking_yds,kickret_ret,kickret_yds,passing_att,passing_cmp,passing_cmp_air_yds,passing_incmp,passing_incmp_air_yds,passing_int,passing_sk,passing_sk_yds,passing_tds,passing_twopta,passing_twoptm,passing_twoptmissed,passing_yds,penalty,penalty_yds,punting_i20,punting_tot,punting_touchback,punting_yds,puntret_fair,puntret_tot,puntret_yds,receiving_rec,receiving_tar,receiving_tds,receiving_twopta,receiving_twoptm,receiving_twoptmissed,receiving_yac_yds,receiving_yds,rushing_att,rushing_tds,rushing_twopta,rushing_twoptm,rushing_twoptmissed,rushing_yds
M.Crosby,00-0025580,no,GB,K,,,,,,,,,,,,,,,,,,,,,,,,,,225,2,1,36,1,47,1,5,3,3,3,,323,,,,,,,,,,,,,,,,,,,,,,,,,,,,,,,,,,,,,,
J.Sweezy,00-0029146,yes,SEA,OG,,,,,,,,,,,,,,1,,,,,,,,,,,,,,,,,,,,,,,,,,,,,,,,,,,,,,,,,,,,,,,,,,,,,,,,,,,,,,
T.Williams,00-0024061,no,GB,DB,2,,1,,0,,,,,,,,,5,,,,,,,,,,,,,,,,,,,,,,,,,,,,,,,,,,,,,,,,,,,,,,,,,,,,,,,,,,,,,,
C.Carson,00-0033594,yes,SEA,RB,,,,,,,,,,,,,,,,,,1,1,,,,,,1,,,,,,,,,,,,,,,,,,,,,,,,,,,,,,,,,,,,,,,,,,,,,,17,1,,,,83
C.Matthews,00-0027002,no,GB,LB,2,1,,,,,,,,1,,,,3,1,11,,,,,,,,,,,,,,,,,,,,,,,,,,,,,,,,,,,,,,,,,,,,,,,,,,,,,,,,,,,,
A.Rodgers,00-0023459,no,GB,QB,,,,,,,,,,,,,,,,,,,,,,,,,,,,,,,,,,,,,,,,,30,21,198,9,149,,5,-21,2,,,,332,,,,,,,,,,,,,,,,,,1,,,,,3
B.Mingo,00-0030558,yes,SEA,LB,3,,,,,,,,,,,,,1,,,,,,,,,,,,,,,,,,,,,,,,,,,,,,,,,,,,,,,,,,,,,,,,,,,,,,,,,,,,,,
J.Graham,00-0027696,no,GB,TE,,,,,,,,,,,,,,,,,,,,,,,,,,,,,,,,,,,,,,,,,,,,,,,,,,,,,,,,,,,,,,,1,1,,,,,13,13,,,,,,
T.Flowers,00-0034756,yes,SEA,CB,3,,,,,,,,,,,,,3,,,,,,,,,,,,,,,,,,,,,,,,,,,,,,,,,,,,,,,,,,,,,,,,,,,,,,,,,,,,,,
A.Jones,00-0033293,no,GB,RB,,,,,,,,,,,,,,,,,,,,,,,,,,,,,,,,,,,,,,,,,,,,,,,,,,,,,,,,,,,,,,,5,6,1,,,,54,63,11,1,,,,40
K.Clark,00-0033120,no,GB,NT,2,,,,,,,,,,,,,2,1,3,,,,,,,,,,,,,,,,,,,,,,,,,,,,,,,,,,,,,,,,,,,,,,,,,,,,,,,,,,,,
R.Wilson,00-0029263,yes,SEA,QB,,,,,,,,,,,,,,,,,,,,,,,,,,,,,,,,,,,,,,,,,31,21,157,10,156,,3,-20,2,,,,225,1,5,,,,,,,,1,1,,,,,-1,-11,5,,,,,17
N.Vannett,00-0032394,yes,SEA,TE,,,,,,,,,,,,,,,,,,,,,,,,,,,,,,,,,,,,,,,,,,,,,,,,,,,,,,,,,,,,,,,1,2,,,,,17,17,,,,,,
T.Davis,00-0032423,no,GB,WR,,,,,,,,,,,,,,1,,,,,,,,,,,,,,,,,,,,,,,,,1,20,,,,,,,,,,,,,,,,,,,,,3,31,,,,,,,,,,,,,,
M.Dickson,00-0034160,yes,SEA,P,,,,,,,,,,,,,,,,,,,,,,,,,,,,,,,,,,,,,,,,,,,,,,,,,,,,,,,,,4,,208,,,,,,,,,,,,,,,,,
T.Madden,00-0032472,yes,SEA,FB,2,,,,,,,,,,,,,,,,,,,,,,,,,,,,,,,,,,,,,,,,,,,,,,,,,,,,,,,,,,,,,,,,,,,,,,,,,,,
D.Adams,00-0031381,no,GB,WR,,,,,,,,,,,,,,,,,,,,,,,,,,,,,,,,,,,,,,,,,,,,,,,,,,,,,,,,,,,,,,,10,12,,,,,51,166,,,,,,
J.Coleman,00-0031796,yes,SEA,CB,3,,,,,,,,,,,,,2,,,,,,,,,,,,,,,,,,,,,,,,,,,,,,,,,,,,,,,,,,,,,,,,,,,,,,,,,,,,,,
B.Wagner,00-0029255,yes,SEA,LB,3,,,,,,,,,,,,,6,1,,2,,,,,,,,,,,,,,,,,,,,,,,,,,,,,,,,,,,,,,,,,,,,,,,,,,,,,,,,,,,
T.Thompson,00-0033554,yes,SEA,DB,1,,,,,,,,,,,,,1,,,,,,,,,,,,,,,,,,,,,,,,,,,,,,,,,,,,,,,,,,,,,,,,,,,,,,,,,,,,,,
J.Brown,00-0030300,yes,SEA,WR,,,,,,,,,,,,,,,,,,,,,,,,,,,,,,,,,,,,,,,,,,,,,,,,,,,,,,1,5,,,,,,,,,,,,,,,,,,,,,
J.Alexander,00-0034728,no,GB,CB,,,,,,,,,,,,,,6,,,,,,,,,,,,,,,,,,,,,,,,,,,,,,,,,,,,,,,,,,,,,,,,,,,,,,,,,,,,,,
R.Penny,00-0034750,yes,SEA,RB,,,,,,,,,,,,,,,,,,,,,,,,,,,,,,,,,,,,,,,,,,,,,,,,,,,,,,,,,,,,,,,,,,,,,,,8,,,,,46
B.Breeland,00-0031052,no,GB,DB,,,,,,,,,1,,,,,3,,,,,,,,,,,,,,,,,,,,,,,,,,,,,,,,,,,,,,,,1,2,,,,,,,,,,,,,,,,,,,,,
T.Lockett,00-0032211,yes,SEA,WR,,,,,,,,,,,,,,,,,,,,,,,,,,,,,,,,,,,,,,,2,47,,,,,,,,,,,,,,,,,,,,4,,,5,5,,,,,6,71,1,,,,,1
J.Jones,00-0033903,no,GB,DB,2,,,,,,,,,,,,,5,,,1,,,,,,,,,,,,,,,,,,,,,,,,,,,,,,,,,,,,,,,,,,,,,,,,,,,,,,,,,,,
B.Martinez,00-0032408,no,GB,LB,4,,,,,,,,,,,,,2,1,2,,,,,,,,,,,,,,,,,,,,,,,,,,,,,,,,,,,,,,,,,,,,,,,,,,,,,,,,,,,,
G.Ifedi,00-0032384,yes,SEA,OG,,,,,,,,,,,,,,,,,,,,,,,,,,,,,,,,,,,,,,,,,,,,,,,,,,,,,,1,5,,,,,,,,,,,,,,,,,,,,,
J.Jackson,00-0034751,no,GB,CB,,,,,,,,,,,,,,2,,,,,,,,,,,,,,,,,,,,,,,,,,,,,,,,,,,,,,,,,,,,,,,,,,,,,,,,,,,,,,
D.Baldwin,00-0028434,yes,SEA,WR,,,,,,,,,,,,,,,,,,,,,,,,,,,,,,,,,,,,,,,,,,,,,,,,,,,,,,,,,,,,,,,7,10,1,,,,9,52,,,,,,
D.Moore,00-0033589,yes,SEA,WR,,,,,,,,,,,,,,,,,,1,,,1,,,,1,,,,,,,,,,,,,,,,,,,,,,,,,,,,,,,,,,,,,,4,8,,,,,15,57,,,,,,
S.Janikowski,00-0019646,yes,SEA,K,,,,,,,,,,,,,,,,,,,,,,,,,,343,2,2,82,,,,6,5,3,3,,390,,,,,,,,,,,,,,,,,,,,,,,,,,,,,,,,,,,,,,
Q.Jefferson,00-0032416,yes,SEA,DT,1,,,,,,,,,,,,,,,,,,,,,,,,,,,,,,,,,,,,,,,,,,,,,,,,,,,,,,,,,,,,,,,,,,,,,,,,,,,
L.Kendricks,00-0027985,no,GB,TE,,,,,,,,,,,,,,,,,,,,,,,,,,,,,,,,,,,,,,,,,,,,,,,,,,,,,,,,,,,,,,,2,2,,,,,6,12,,,,,,
F.Clark,00-0032210,yes,SEA,DE,1,,,,,,,,,2,2.0,-4,,3,1,4,,,,,,,,,,,,,,,,,,,,,,,,,,,,,,,,,,,,,,,,,,,,,,,,,,,,,,,,,,,,
R.Tonyan,00-0033757,no,GB,TE,,,,,,,,,,,,,,,,,,,,,,,,,,,,,,,,,,,,,,,,,,,,,,,,,,,,,,,,,,,,,,,1,1,1,,,,1,54,,,,,,
R.Greene,00-0034179,no,GB,DB,1,,,,,,,,,,,,,1,,,,,,,,,,,,,,,,,,,,,,,,,,,,,,,,,,,,,,,,1,48,,,,,,,,,,,,,,,,,,,,,
A.Morrison,00-0032406,no,GB,LB,3,,,,,,,,,,,,,1,,,,,,,,,,,,,,,,,,,,,,,,,,,,,,,,,,,,,,,,,,,,,,,,,,,,,,,,,,,,,,
E.Dickson,00-0027675,yes,SEA,,,,,,,,,,,,,,,1,,,,,,,,,,,,,,,,,,,,,,,,,,,,,,,,,,,,,,,,,,,,,,,,,1,1,1,,,,6,15,,,,,,
M.Valdes-Scantling,00-0034272,no,GB,WR,,,,,,,,,,,,,,,,,,,,,,,,,,,,,,,,,,,,,,,,,,,,,,,,,,,,,,,,,,,,,,,1,3,,,,,5,8,,,,,,
R.Green,00-0034831,yes,SEA,DE,1,,,,,,,,,1,1.0,-6,,1,1,6,,,,,,,,,,,,,,,,,,,,,,,,,,,,,,,,,,,,,,,,,,,,,,,,,,,,,,,,,,,,
J.Williams,00-0033948,no,GB,RB,,,,,,,,,,,,,,,,,,,,,,,,,,,,,,,,,,,,,,,,,,,,,,,,,,,,,,,,,,,,,,,,,,,,,,,1,,,,,5
E.St. Brown,00-0034279,no,GB,WR,,,,,,,,,,,,,,,,,,,,,,,,,,,,,,,,,,,,,,,,,,,,,,,,,,,,,,1,10,,,,,,,,1,4,,,,,4,16,,,,,,
J.Scott,00-0034162,no,GB,P,,,,,,,,,,,,,,,,,,,,,,,,,,,,,,,,,,,,,,,,,,,,,,,,,,,,,,,,2,6,1,284,,,,,,,,,,,,,,,,,
D.Fluker,00-0030505,yes,SEA,OG,,,,,,,,,,,,,,,,,,,,,,,,,,,,,,,,,,,,,,,,,,,,,,,,,,,,,,1,5,,,,,,,,,,,,,,,,,,,,,
R.Gilbert,00-0032633,no,GB,LB,,,,,,,,,,,,,,3,,,1,,,,,,,,,,,,,,,,,,,,,,,,,,,,,,,,,,,,,,,,,,,,,,,,,,,,,,,,,,,
K.Fackrell,00-0032955,no,GB,LB,1,,,,,,,,,4,3.0,-20,,5,4,22,,,,,,,,,,,,,,,,,,,,,,,,,,,,,,,,,,,,,,,,,,,,,,,,,,,,,,,,,,,,
G.Fant,00-0032466,yes,SEA,OT,,,,,,,,,,,,,,,,,,,,,,,,,,,,,,,,,,,,,,,,,,,,,,,,,,,,,,1,5,,,,,,,,,,,,,,,,,,,,,
K.Toomer,00-0029289,no,GB,LB,,,,,,,,,,,,,,,,,,,,,,,,,,,,,,,,,,,,,,,,,,,,,,,,,,,,,,1,10,,,,,,,,,,,,,,,,,,,,,
SL.Griffin,00-0033926,yes,SEA,CB,,,,,,,,,,,,,,4,,,,,,,,,,,,,,,,,,,,,,,,,,,,,,,,,,,,,,,,,,,,,,,,,,,,,,,,,,,,,,
A.Calitro,00-0033452,yes,SEA,LB,4,,,,,,,,,1,0.5,-6,,1,,,,,,,,,,,,,,,,,,,,,,,,,,,,,,,,,,,,,,,,,,,,,,,,,,,,,,,,,,,,,,
S.Stephen,00-0031242,yes,SEA,DT,1,,,,,,,,,,,,,,,,,,,,,,,,,,,,,,,,,,,,,,,,,,,,,,,,,,,,,,,,,,,,,,,,,,,,,,,,,,,
B.McDougald,00-0030161,yes,SEA,DB,1,,,,,,,,,,,,,2,,,,,,,,,,,,,,,,,,,,,,,,,,,,,,,,,,,,,,,,,,,,,,,,,,,,,,,,,,,,,,
M.Davis,00-0032063,yes,SEA,RB,,,,,,,,,,,,,,,,,,,,,,,,,,,,,,,,,,,,,,,,,,,,,,,,,,,,,,,,,,,,,,,2,2,,,,,16,24,4,,,,,26
T.Brown,00-0034540,no,GB,N/A,,1,,,,,,,1,,,,,3,,,,,,,,,,,,,,,,,,,,,,,,,,,,,,,,,,,,,,,,,,,,,,,,,,,,,,,,,,,,,,
B.Jackson,00-0033024,yes,SEA,DE,,,,,,,,,,,,,,1,,,,,,,,,,,,,,,,,,,,,,,,,,,,,,,,,,,,,,,,,,,,,,,,,,,,,,,,,,,,,,
D.Lowry,00-0032412,no,GB,DE,1,,,,,,,,,,,,,1,,,,,,,,,,,,,,,,,,,,,,,,,,,,,,,,,,,,,,,,,,,,,,,,,,,,,,,,,,,,,,
W.Redmond,00-0033124,no,GB,,,,,,,,,,,,,,,,,,,,,,,,,,,,,,,,,,,,,,,,,,,,,,,,,,,,,,,1,10,,,,,,,,,,,,,,,,,,,,,
J.Reed,00-0032387,yes,SEA,DT,2,,,,,,,,,2,0.5,-6,,,,,,,,,,,,,,,,,,,,,,,,,,,,,,,,,,,,,,,,,,,,,,,,,,,,,,,,,,,,,,,,
J.Martin,00-0034163,yes,SEA,LB,,,,,,,,,,1,1.0,-5,,1,1,5,,,,,,,,,,,,,,,,,,,,,,,,,,,,,,,,,,,,,,,,,,,,,,,,,,,,,,,,,,,,
J.Britt,00-0031282,yes,SEA,C,,,,,,,,,,,,,,,,,,,,,,,,,,,,,,,,,,,,,,,,,,,,,,,,,,,,,,1,5,,,,,,,,,,,,,,,,,,,,,
I.Campbell,00-0032198,no,GB,DB,,,,,,,,,,,,,,2,,,,,,,,,,,,,,,,,,,,,,,,,,,,,,,,,,,,,,,,,,,,,,,,,,,,,,,,,,,,,,
M.Hall,00-0033094,yes,ATL,WR,,,,,,,,,,,,,,,,,,,,,,,,,,,,,,,,,,,,,,,2,32,,,,,,,,,,,,,,,,,,,,,,,,,,,,,,,1,,,,,3
N.Brown,00-0033591,no,DAL,WR,,,,,,,,,,,,,,2,,,,,,,,,,,,,,,,,,,,,,,,,,,,,,,,,,,,,,,,,,,,,,,,,,,,,,,,,,,,,,
B.Maher,00-0030332,no,DAL,K,,,,,,,,,,,,,,,,,,,,,,,,,,219,3,3,113,,,1,5,3,2,1,1,320,,,,,,,,,,,,,,,,,,,,,,,,,,,,,,,,,,,,,,
M.Ryan,00-0026143,yes,ATL,QB,,,,,,,,,,,,,,,,,,,,,,,,,,,,,,,,,,,,,,,,,34,24,168,10,164,1,3,-17,1,,,,291,,,,,,,,,,,,,,,,,,1,,,,,1
A.Hooper,00-0032392,yes,ATL,TE,,,,,,,,,,,,,,,,,,,,,,,,,,,,,,,,,,,,,,,,,,,,,,,,,,,,,,,,,,,,,,,4,8,,,,,10,27,,,,,,
X.Woods,00-0033579,no,DAL,DB,2,,,,,,,,,,,,,7,,,,,,,,,,,,,,,,,,,,,,,,,,,,,,,,,,,,,,,,,,,,,,,,,,,,,,,,,,,,,,
J.Jones,00-0027944,yes,ATL,WR,,,,,,,,,,,,,,,,,,,,,,,,,,,,,,,,,,,,,,,,,,,,,,,,,,,,,,,,,,,,,,,6,9,1,,,,22,118,,,,,,
D.Wilson,00-0032215,no,DAL,LB,1,,,,,,,,,1,,,,2,,,,,,,,,,,,,,,,,,,,,,,,,,,,,,,,,,,,,,,,,,,,,,,,,,,,,,,,,,,,,,
B.Jones,00-0032239,no,DAL,CB,2,,,,,,,,1,,,,,5,1,3,,,,,,,,,,,,,,,,,,,,,,,,,,,,,,,,,,,,,,,,,,,,,,,,,,,,,,,,,,,,
T.Coleman,00-0032058,yes,ATL,RB,,,,,,,,,,,,,,,,,,,,,,,,,,,,,,,,,,,,,,,,,,,,,,,,,,,,,,,,,,,,,,,3,3,,,,,37,27,8,,,,,58
J.Smith,00-0033052,no,DAL,LB,2,,,,,,,,,,,,,,,,,,,,,,,,,,,,,,,,,,,,,,,,,,,,,,,,,,,,,,,,,,,,,,,,,,,,,,,,,,,
D.Lawrence,00-0031411,no,DAL,DE,2,,,,,,,,,3,1.5,-15,,3,1,6,,,,,,,,,,,,,,,,,,,,,,,,,,,,,,,,,,,,,,,,,,,,,,,,,,,,,,,,,,,,
L.Vander Esch,00-0034674,no,DAL,LB,4,,,,,1,,28,3,1,,,,4,,,,,,,,,,,,,,,,,,,,,,,,,,,,,,,,,,,,,,,,,,,,,,,,,,,,,,,,,,,,,,
I.Smith,00-0034378,yes,ATL,RB,,,,,,,,,,,,,,1,,,,,,,,,,,,,,,,,,,,,,,,,,,,,,,,,,,,,,,,,,,,,,,,,2,2,,,,,13,12,6,,,,,10
T.Crawford,00-0029641,no,DAL,DE,1,,,,,,,,,2,0.5,-9,,,,,,,,,,,,,,,,,,,,,,,,,,,,,,,,,,,,,,,,,,,,,,,,,,,,,,,,,,,,,,,,
C.Beasley,00-0029000,no,DAL,WR,,,,,,,,,,,,,,,,,,,,,,,,,,,,,,,,,,,,,,,,,,,,,,,,,,,,,,,,,,,,2,,,5,7,,,,,25,51,,,,,,
M.Bosher,00-0028130,yes,ATL,P,,,,,,,,,,,,,,,,,,,,,,,,,,420,,,,,,,6,6,,,,390,,,,,,,,,,,,,,,,,,2,2,,62,,,,,,,,,,,,,,,,,
D.Prescott,00-0033077,no,DAL,QB,,,,,,,,,,,,,,,,,,,,,,,,,,,,,,,,,,,,,,,,,32,22,79,10,139,,2,-17,,,,,208,,,,,,,,,,,,,,,,,,4,1,,,,5
M.Gallup,00-0034764,no,DAL,WR,,,,,,,,,,,,,,,,,,,,,,,,,,,,,,,,,,,,,,,,,,,,,,,,,,,,,,,,,,,,,,,1,5,,,,,0,10,,,,,,
D.Trufant,00-0030562,yes,ATL,DB,2,,,,,,,,1,,,,,3,,,,,,,,,,,,,,,,,,,,,,,,,,,,,,,,,,,,,,,,,,,,,,,,,,,,,,,,,,,,,,
D.Riley,00-0033549,yes,ATL,LB,3,,,,,,,,,,,,,3,,,,,,,,,,,,,,,,,,,,,,,,,,,,,,,,,,,,,,,,,,,,,,,,,,,,,,,,,,,,,,
E.Elliott,00-0033045,no,DAL,RB,,,,,,,,,,,,,,,,,,1,,,,,,,1,,,,,,,,,,,,,,,,,,,,,,,,,,,,,,,,,,,,,,7,8,,,,,67,79,23,1,,,,122
G.Swaim,00-0032141,no,DAL,TE,,,,,,,,,,,,,,,,,,,,,,,,,,,,,,,,,,,,,,,,,,,,,,,,,,,,,,,,,,,,,,,4,5,,,,,17,24,,,,,,
B.Poole,00-0032596,yes,ATL,CB,1,,,,,,,,,,,,,1,,,,,,,,,,,,,,,,,,,,,,,,,,,,,,,,,,,,,,,,,,,,,,,,,,,,,,,,,,,,,,
V.Beasley,00-0032240,yes,ATL,LB,,,,,,,,,,2,2.0,-17,,3,2,17,,,,,,,,,,,,,,,,,,,,,,,,,,,,,,,,,,,,,,,,,,,,,,,,,,,,,,,,,,,,
R.Alford,00-0030528,yes,ATL,DB,1,,,,,,,,2,,,,,4,,,,,,,,,,,,,,,,,,,,,,,,,,,,,,,,,,,,,,,,,,,,,,,,,,,,,,,,,,,,,,
F.Oluokun,00-0034413,yes,ATL,LB,4,,,,,,,,,,,,,6,,,1,,,,,,,,,,,,,,,,,,,,,,,,,,,,,,,,,,,,,1,5,,,,,,,,,,,,,,,,,,,,,
J.Richards,00-0031559,yes,ATL,DB,1,,,,,,,,1,,,,,3,,,,,,,,,,,,,,,,,,,,,,,,,,,,,,,,,,,,,,,,,,,,,,,,,,,,,,,,,,,,,,
K.Ishmael,00-0030427,yes,ATL,DB,1,,,,,,,,,,,,,1,,,,,,,,,,,,,,,,,,,,,,,,,,,,,,,,,,,,,,,,,,,,,,,,,,,,,,,,,,,,,,
T.McClain,00-0028003,yes,ATL,DT,3,,,,,,,,,,,,,,,,,,,,,,,,,,,,,,,,,,,,,,,,,,,,,,,,,,,,,,,,,,,,,,,,,,,,,,,,,,,
D.Kazee,00-0033512,yes,ATL,CB,3,,,,,,,,,,,,,2,,,,,,,,,,,,,,,,,,,,,,,,,,,,,,,,,,,,,,,,,,,,,,,,,,,,,,,,,,,,,,
JA.Crawford,00-0029627,yes,ATL,DE,,1,,,,,,,,,,,,2,,,,,,,,,,,,,,,,,,,,,,,,,,,,,,,,,,,,,,,,,,,,,,,,,,,,,,,,,,,,,,
G.Jarrett,00-0031583,yes,ATL,DT,1,,,,,,,,,2,,,,2,,,,,,,,,,,,,,,,,,,,,,,,,,,,,,,,,,,,,,,,,,,,,,,,,,,,,,,,,,,,,,
S.Neasman,00-0032592,yes,ATL,DB,2,,,,,,,,,,,,,1,,,,,,,,,,,,,,,,,,,,,,,,,,,,,,,,,,,,,,,,,,,,,,,,,,,,,,,,,,,,,,
A.Cooper,00-0031544,no,DAL,WR,,,,,,,,,,,,,,,,,,,,,,,,,,,,,,,,,,,,,,,,,,,,,,,,,,,,,,,,,,,,,,,3,5,,,,,11,36,,,,,,
C.Awuzie,00-0033548,no,DAL,CB,1,,,,,,,,,,,,,6,,,,,,,,,,,,,,,,,,,,,,,,,,,,,,,,,,,,,,,,,,,,,,,,,,,,,,,,,,,,,,
C.Ridley,00-0034837,yes,ATL,WR,,,,,,,,,,,,,,,,,,,,,,,,,,,,,,,,,,,,,,,,,,,,,,,,,,,,,,,,,,,,,,,3,4,,,,,5,32,1,,,,,5
J.Heath,00-0030196,no,DAL,DB,1,,,,,,,,,,,,,2,,,,,,,,,,,,,,,,,,,,,,,,,,,,,,,,,,,,,,,,,,,,,,,,,,,,,,,,,,,,,,
M.Sanu,00-0029632,yes,ATL,WR,,,,,,,,,,,,,,,,,,,,,,,,,,,,,,,,,,,,,,,,,,,,,,,,,,,,,,,,,,,,,,,4,6,,,,,20,56,1,,,,,3
M.Bryant,00-0020578,yes,ATL,K,,,,,,,,,,,,,,,,,,,,,,,,,,,4,4,160,,,,,,1,1,,,,,,,,,,,,,,,,,,,,,,,,,,,,,,,,,,,,,,,,
B.Reed,00-0027980,yes,ATL,DE,1,,,,,,,,,1,,,,,,,,,,,,,,,,,,,,,,,,,,,,,,,,,,,,,,,,,,,,,,,,,,,,,,,,,,,,,,,,,,
T.McKinley,00-0033540,yes,ATL,DE,1,,,,,,,,,1,,,,1,1,2,,,,,,,,,,,,,,,,,,,,,,,,,,,,,,,,,,,,,,,,,,,,,,,,,,,,,,,,,,,,
I.Oliver,00-0034357,yes,ATL,CB,,,,,,,,,1,,,,,,,,,,,,,,,,,,,,,,,,,,,,,,,,,,,,,,,,,,,,,,,,,,,,,,,,,,,,,,,,,,,
J.Hardy,00-0031570,yes,ATL,WR,,,,,,,,,,,,,,,,,,,,,,,,,,,,,,,,,,,,,,,,,,,,,,,,,,,,,,,,,,,,,3,16,,,,,,,,,,,,,,
C.Jones,00-0028664,no,DAL,P,,,,,,,,,,,,,,,,,,,,,,,,,,,,,,,,,,,,,,,,,,,,,,,,,,,,,,,,1,3,,133,,,,,,,,,,,,,,,,,
L.Lenoir,00-0033992,no,DAL,,,,,,,,,,,,,,,1,,,,,,,,,,,,,,,,,,,,,,,,,,,,,,,,,,,,,,,,1,15,,,,,,,,,,,,,,,,,,,,,
A.Brown,00-0033047,no,DAL,CB,,,,,,,,,,,,,,3,,,,,,,,,,,,,,,,,,,,,,,,,,,,,,,,,,,,,,,,,,,,,,,,,,,,,,,,,,,,,,
M.Collins,00-0033131,no,DAL,DT,,,,,,,,,,,,,,2,1,5,,,,,,,,,,,,,,,,,,,,,,,,,,,,,,,,,,,,,,,,,,,,,,,,,,,,,,,,,,,,
R.Gregory,00-0032197,no,DAL,DE,,,,,,,,,,2,1.0,-2,,1,1,2,,,,,,,,,,,,,,,,,,,,,,,,,,,,,,,,,,,,,,,,,,,,,,,,,,,,,,,,,,,,
B.Carter,00-0027978,yes,ATL,LB,1,,,,,,,,,,,,,1,,,,,,,,,,,,,,,,,,,,,,,,,,,,,,,,,,,,,,,,,,,,,,,,,,,,,,,,,,,,,,
W.Schweitzer,00-0032432,yes,ATL,OG,,,,,,,,,,,,,,,,,,,,,,,,,,,,,,,,,,,,,,,,,,,,,,,,,,,,,,1,10,,,,,,,,,,,,,,,,,,,,,
D.Campbell,00-0032401,yes,ATL,LB,3,,,,,,,,,,,,,3,,,,,,,,,,,,,,,,,,,,,,,,,,,,,,,,,,,,,,,,,,,,,,,,,,,,,,,,,,,,,,
B.Irvin,00-0029193,yes,ATL,DE,1,,,,,,,,,,,,,1,,,,,,,,,,,,,,,,,,,,,,,,,,,,,,,,,,,,,,,,,,,,,,,,,,,,,,,,,,,,,,
R.Smith,00-0031900,no,DAL,RB,,,,,,,,,,,,,,,,,,,,,,,,,,,,,,,,,,,,,,,,,,,,,,,,,,,,,,,,,,,,,,,2,2,,,,,9,8,1,,,,,0
L.Paulsen,00-0027215,yes,ATL,TE,,,,,,,,,,,,,,,,,,,,,,,,,,,,,,,,,,,,,,,,,,,,,,,,,,,,,,,,,,,,,,,2,2,,,,,16,19,,,,,,
D.Shelby,00-0029111,yes,ATL,DE,,,,,,,,,,,,,,1,,,,,,,,,,,,,,,,,,,,,,,,,,,,,,,,,,,,,,,,,,,,,,,,,,,,,,,,,,,,,,
J.Lewis,00-0033928,no,DAL,CB,,,,,,,,,,,,,,,,,,,,,,,,,,,,,,,,,,,,,,,,,,,,,,,,,,,,,,,,,,,,,,,,,,,,,,,1,,,,,5
L.Collins,00-0031534,no,DAL,OT,,,,,,,,,,,,,,,,,,,,,,1,,2,,,,,,,,,,,,,,,,,,,,,,,,,,,,,,,,,,,,,,,,,,,,,,,,,,,,
C.Reid,00-0031071,no,DAL,DT,,,,,,,,,,,,,,1,,,,,,,,,,,,,,,,,,,,,,,,,,,,,,,,,,,,,,,,,,,,,,,,,,,,,,,,,,,,,,
D.Armstrong,00-0034373,no,DAL,DE,,,,,,,,,,,,,,1,,,,,,,,,,,,,,,,,,,,,,,,,,,,,,,,,,,,,,,,,,,,,,,,,,,,,,,,,,,,,,
Z.Martin,00-0031402,no,DAL,OG,,,,,,,,,,,,,,,,,,,,,,,,,,,,,,,,,,,,,,,,,,,,,,,,,,,,,,1,5,,,,,,,,,,,,,,,,,,,,,
K.Frazier,00-0033048,no,DAL,DB,,,,,,,,,,,,,,1,,,,,,,,,,,,,,,,,,,,,,,,,,,,,,,,,,,,,,,,,,,,,,,,,,,,,,,,,,,,,,
A.Erickson,00-0032543,no,CIN,WR,,,,,,,,,,,,,,,,,,,,,,,,,,,,,,,,,,,,,,,2,35,,,,,,,,,,,,,,,,,,,,1,2,46,,1,,,,,,,,,,,,
J.Tucker,00-0029597,yes,BAL,K,,,,,,,,,,,,,,,,,,,,,,,,,,221,3,3,108,,,1,5,3,1,1,,319,,,,,,,,,,,,,,,,,,,,,,,,,,,,,,,,,,,,,,
K.Young,00-0034266,yes,BAL,LB,,,,,,,,,,1,,,,6,,,,,,,,,,,,,,,,,,,,,,,,,,,,,,,,,,,,,,,,,,,,,,,,,,,,,,,,,,,,,,
G.Bernard,00-0030456,no,CIN,RB,,,,,,,,,,,,,,,,,,,,,,,,,,,,,,,,,,,,,,,,,,,,,,,,,,,,,,,,,,,,,,,4,4,,,,,20,20,2,,,,,5
T.Young,00-0032770,yes,BAL,CB,,,,,,,,,,,,,,2,,,,,,,,,,,,,,,,,,,,,,,,,,,,,,,,,,,,,,,,,,,,,,,,,,,,,,,,,,,,,,
A.Dalton,00-0027973,no,CIN,QB,,,,,,,,,,,,,,,,,,,,,,,,,,,,,,,,,,,,,,,,,36,19,103,17,213,,1,-4,2,,,,211,,,,,,,,,,,,,,,,,,2,,,,,29
J.Mixon,00-0033897,no,CIN,RB,,,,,,,,,,,,,,,,,,,,,,,,,,,,,,,,,,,,,,,,,,,,,,,,,,,,,,,,,,,,,,,3,3,,,,,39,38,12,1,,,,14
P.Onwuasor,00-0032573,yes,BAL,LB,2,,,,,,,,,,,,,3,1,4,,,,,,,,,,,,,,,,,,,,,,,,,,,,,,,,,,,,,,,,,,,,,,,,,,,,,,,,,,,,
J.Smith,00-0027965,yes,BAL,DB,,,,,,,,,1,,,,,3,,,,,,,,,,,,,,,,,,,,,,,,,,,,,,,,,,,,,,,,1,1,,,,,,,,,,,,,,,,,,,,,
A.Tate,00-0034686,no,CIN,WR,,,,,,,,,,,,,,,,,,,,,,,,,,,,,,,,,,,,,,,,,,,,,,,,,,,,,,,,,,,,,,,1,1,,,,,0,5,,,,,,
C.Jones,00-0032390,yes,BAL,CB,,,,,,,,,,,,,,,,,,,,,,,,,,,,,,,,,,,,,,,,,,,,,,,,,,,,,,,,,,,,3,2,14,,,,,,,,,,,,,,
K.Huber,00-0027103,no,CIN,P,,,,,,,,,,,,,,,,,,,,,,,,,,,,,,,,,,,,,,,,,,,,,,,,,,,,,,,,1,6,,251,,,,,,,,,,,,,,,,,
M.Johnson,00-0027044,no,CIN,DE,,,,,,,,,,,,,,5,1,3,,,,,,,,,,,,,,,,,,,,,,,,,,,,,,,,,,,,,,,,,,,,,,,,,,,,,,,,,,,,
A.Collins,00-0032426,yes,BAL,RB,,,,,,,,,,,,,,,,,,,,,,,,,,,,,,,,,,,,,,,,,,,,,,,,,,,,,,,,,,,,,,,,,,,,,,,7,1,,,,18
L.Jackson,00-0034796,yes,BAL,QB,,,,,,,,,,,,,,1,,,,,,1,,1,,-3,1,,,,,,,,,,,,,,,,19,13,96,6,63,1,3,-14,,,,,150,,,,,,,,,,,,,,,,,,26,,,,,119
J.Bates,00-0034675,no,CIN,DB,2,,,,,,,,,,,,,7,,,,,,,,,,,,,,,,,,,,,,,,,,,,,,,,,,,,,,,,,,,,,,,,,,,,,,,,,,,,,,
G.Atkins,00-0027720,no,CIN,DT,,,,,,,,,,2,1.0,-2,,2,1,2,1,,,,,,,,,,,,,,,,,,,,,,,,,,,,,,,,,,,,,,,,,,,,,,,,,,,,,,,,,,,
H.Nickerson,00-0033344,no,CIN,LB,3,,,,,,,,,,,,,8,,,1,,,,,,,,,,,,,,,,,,,,,,,,,,,,,,,,,,,,,,,,,,,,,,,,,,,,,,,,,,,
S.Williams,00-0030471,no,CIN,DB,2,,,,,1,,22,1,,,,,9,,,,,,,,,,,,,,,,,,,,,,,,,,,,,,,,,,,,,,,,,,,,,,,,,,,,,,,,,,,,,,
G.Edwards,00-0034184,yes,BAL,N/A,,,,,,,,,,,,,,,,,,,,,,,,,,,,,,,,,,,,,,,,,,,,,,,,,,,,,,,,,,,,,,,,,,,,,,,17,1,1,1,,115
W.Jackson,00-0033107,no,CIN,CB,,,,,,,,,,,,,,3,,,,,,,,,,,,,,,,,,,,,,,,,,,,,,,,,,,,,,,,,,,,,,,,,,,,,,,,,,,,,,
J.Brown,00-0031051,yes,BAL,WR,,,,,,,,,,,,,,,,,,,,,,,,,,,,,,,,,,,,,,,,,,,,,,,,,,,,,,,,,,,,,,,1,1,,,,,9,23,1,,,,,0
D.Kirkpatrick,00-0029560,no,CIN,DB,,,,,,,,,,,,,,2,,,,,,,,,,,,,,,,,,,,,,,,,,,,,,,,,,,,,,,,1,9,,,,,,,,,,,,,,,,,,,,,
C.Fejedelem,00-0032807,no,CIN,SAF,3,,,,,,,,,1,,,,,,,,,,,,,,,,,,,,,,,,,,,,,,,,,,,,,,,,,,,,1,10,,,,,,,,,,,,,,,,,,,,,
C.Mosley,00-0031296,yes,BAL,LB,1,,,,,,,,1,,,,,4,,,,,,,,,,,,,,,,,,,,,,,,,,,,,,,,,,,,,,,,,,,,,,,,,,,,,,,,,,,,,,
M.Pierce,00-0032574,yes,BAL,DT,1,,,,,,,,1,,,,,1,,,1,,,,,,,,,,,,,,,,,,,,,,,,,,,,,,,,,,,,,,,,,,,,,,,,,,,,,,,,,,,
B.Hart,00-0031622,no,CIN,OT,,,,,,,,,,,,,,,,,,,,,,,,,,,,,,,,,,,,,,,,,,,,,,,,,,,,,,2,10,,,,,,,,,,,,,,,,,,,,,
T.Jefferson,00-0030294,yes,BAL,DB,2,,,,,,,,1,,,,,4,,,,,,,,,,,,,,,,,,,,,,,,,,,,,,,,,,,,,,,,,,,,,,,,,,,,,,,,,,,,,,
J.Franks,00-0034532,no,CIN,N/A,,,,,,,,,,,,,,,,,,,,,,,,,,,,,,,,,,,,,,,,,,,,,,,,,,,,,,1,9,,,,,,,,1,1,,,,,5,5,,,,,,
Z.Smith,00-0031576,yes,BAL,LB,1,,,,,,,,1,,,,,1,,,,,,,,,,,,,,,,,,,,,,,,,,,,,,,,,,,,,,,,,,,,,,,,,,,,,,,,,,,,,,
T.Boyd,00-0033009,no,CIN,WR,,,,,,,,,,,,,,,,,,,,,,,,,,,,,,,,,,,,,,,,,1,,,1,34,,,,,,,,,,,,,,,,,,4,11,,,,,35,71,,,,,,
C.Moore,00-0032398,yes,BAL,WR,,,,,,,,,,,,,,,,,,,,,,,,,,,,,,,,,,,,,,,4,67,,,,,,,,,,,,,,,,,,,,,,,1,1,,,,,3,14,1,,,,,8
S.Hubbard,00-0034834,no,CIN,DE,,,,,,,,,,1,1.0,-5,,5,1,5,,,,,,,,,,,,,,,,,,,,,,,,,,,,,,,,,,,,,,,,,,,,,,,,,,,,,,,,,,,,
N.Boyle,00-0031598,yes,BAL,TE,,,,,,,,,,,,,,,,,,,,,,,,,,,,,,,,,,,,,,,,,,,,,,,,,,,,,,1,5,,,,,,,,4,4,,,,,27,36,,,,,,
J.Evans,00-0033790,no,CIN,LB,,,,,,,,,1,,,,,2,,,,,,,,,,,,,,,,,,,,,,,,,,,,,,,,,,,,,,,,,,,,,,,,,,,,,,,,,,,,,,
W.Snead IV,00-0030663,yes,BAL,WR,,,,,,,,,,,,,,,,,,,,,,,,,,,,,,,,,,,,,,,,,,,,,,,,,,,,,,,,,,,,,,,5,8,,,,,15,51,,,,,,
S.Koch,00-0024417,yes,BAL,P,,,,,,,,,,,,,,1,,,,,,,,,,,,,,,,,,,,,,,,,,,,,,,,,,,,,,,,,,2,4,,157,,,,,,,,,,,,,,,,,
T.Suggs,00-0022161,yes,BAL,LB,,,,,,,,,,1,,,,1,1,2,,,,,,,,,,,,,,,,,,,,,,,,,,,,,,,,,,,,,,,,,,,,,,,,,,,,,,,,,,,,
J.Ross,00-0033460,no,CIN,WR,,,,,,,,,,,,,,,,,,,,,,,,,,,,,,,,,,,,,,,,,,,,,,,,,,,,,,,,,,,,,,,2,7,1,,,,1,27,,,,,,
B.Wilson,00-0033791,no,CIN,DB,,,,,,,,,,,,,,4,,,2,,,,,,,,,,,,,,,,,,,,,,,,,,,,,,,,,,,,,1,10,,,,,,,,,,,,,,,,,,,,,
A.Billings,00-0033066,no,CIN,DT,,,,,,,,,,1,1.0,-7,,3,1,7,,,,,,,,,,,,,,,,,,,,,,,,,,,,,,,,,,,,,,,,,,,,,,,,,,,,,,,,,,,,
D.Phillips,00-0034683,no,CIN,CB,,,,,,,,,,,,,,,,,,,,,,,,,,,,,,,,,,,,,,,,,,,,,,,,,,,,,,,,,,,,1,,,,,,,,,,,,,,,,
E.Weddle,00-0025424,yes,BAL,DB,,,,,,,,,,,,,,1,,,,,,,,,,,,,,,,,,,,,,,,,,,,,,,,,,,,,,,,,,,,,,,,,,,,,,,,,,,,,,
R.Bullock,00-0029421,no,CIN,K,,,,,,,,,,,,,,,,,,,,,,,,,,,1,,,1,52,1,4,,3,3,,248,,,,,,,,,,,,,,,,,,,,,,,,,,,,,,,,,,,,,,
M.Jefferson,00-0034835,no,CIN,LB,1,,,,,,,,,,,,,1,,,,,,,,,,,,,,,,,,,,,,,,,,,,,,,,,,,,,,,,1,10,,,,,,,,,,,,,,,,,,,,,
J.Tupou,00-0033347,no,CIN,DT,,,,,,,,,,,,,,2,,,1,,,,,,,,,,,,,,,,,,,,,,,,,,,,,,,,,,,,,,,,,,,,,,,,,,,,,,,,,,,
D.Dennard,00-0031380,no,CIN,DB,,,,,,,,,,,,,,6,,,1,,,,,,,,,,,,,,,,,,,,,,,,,,,,,,,,,,,,,,,,,,,,,,,,,,,,,,,,,,,
M.Crabtree,00-0026986,yes,BAL,WR,,,,,,,,,,,,,,,,,,,,,,,,,,,,,,,,,,,,,,,,,,,,,,,,,,,,,,,,,,,,,,,1,3,,,,,-1,7,,,,,,
C.Dunlap,00-0027662,no,CIN,DE,1,,,,,,,,,,,,,2,,,,,,,,,,,,,,,,,,,,,,,,,,,,,,,,,,,,,,,,,,,,,,,,,,,,,,,,,,,,,,
M.Andrews,00-0034753,yes,BAL,TE,,,,,,,,,,,,,,,,,,,,,,,,,,,,,,,,,,,,,,,,,,,,,,,,,,,,,,1,10,,,,,,,,1,1,,,,,1,19,,,,,,
V.Burfict,00-0028912,no,CIN,LB,3,,,,,,,,,,,,,1,,,,,,,,,,,,,,,,,,,,,,,,,,,,,,,,,,,,,,,,,,,,,,,,,,,,,,,,,,,,,,
P.Ricard,00-0033376,yes,BAL,DT,,,,,,,,,,,,,,,,,,,,,,,,,,,,,,,,,,,,,,,,,,,,,,,,,,,,,,1,10,,,,,,,,,,,,,,,,,,,,,
A.Levine Sr.,00-0027539,yes,BAL,DB,,,,,,,,,,,,,,1,,,,,,,,,,,,,,,,,,,,,,,,,,,,,,,,,,,,,,,,,,,,,,,,,,,,,,,,,,,,,,
C.Uzomah,00-0032134,no,CIN,TE,,,,,,,,,,,,,,,,,,,,,,,,,,,,,,,,,,,,,,,,,,,,,,,,,,,,,,,,,,,,,,,3,5,,,,,8,41,,,,,,
M.Judon,00-0032415,yes,BAL,LB,2,,,,,,,,,2,0.5,-4,,,,,,,,,,,,,,,,,,,,,,,,,,,,,,,,,,,,,,,,,,,,,,,,,,,,,,,,,,,,,,,,
T.Bowser,00-0033283,yes,BAL,LB,2,,,,,,,,,1,0.5,-4,,,,,,,,,,,,,,,,,,,,,,,,,,,,,,,,,,,,,,,,,,,,,,,,,,,,,,,,,,,,,,,,
C.Core,00-0032795,no,CIN,WR,,,,,,,,,,,,,,,,,,,,,,,,,,,,,,,,,,,,,,,,,,,,,,,,,,,,,,,,,,,,,,,,2,,,,,,,,,,,,
C.Clark,00-0033294,yes,BAL,DB,,,,,,,,,,,,,,1,,,,,,,,,,,,,,,,,,,,,,,,,,,,,,,,,,,,,,,,,,,,,,,,,,,,,,,,,,,,,,
B.Urban,00-0031177,yes,BAL,DE,,,,,,,,,,,,,,1,,,,,,,,,,,,,,,,,,,,,,,,,,,,,,,,,,,,,,,,,,,,,,,,,,,,,,,,,,,,,,
M.Lengel,00-0031788,no,CIN,,,,,,,,,,,,,,,,,,,,,,,,,,,,,,,,,,,,,,,,,,,,,,,,,,,,,,,,,,,,,,,,1,1,1,,,,0,4,,,,,,
J.Willis,00-0033912,no,CIN,DE,,,,,,,,,,,,,,1,,,,,,,,,,,,,,,,,,,,,,,,,,,,,,,,,,,,,,,,,,,,,,,,,,,,,,,,,,,,,,
V.Rey,00-0027245,no,CIN,LB,,,,,,,,,,,,,,2,,,,,,,,,,,,,,,,,,,,,,,,,,,,,,,,,,,,,,,,,,,,,,,,,,,,,,,,,,,,,,
C.Wormley,00-0033913,yes,BAL,DE,,,,,,,,,,,,,,1,,,,,,,,,,,,,,,,,,,,,,,,,,,,,,,,,,,,,,,,,,,,,,,,,,,,,,,,,,,,,,
T.McRae,00-0032934,no,CIN,CB,1,,,,,,,,,,,,,,,,,,,,,,,,,,,,,,,,,,,,,,,,,,,,,,,,,,,,,,,,,,,,,,,,,,,,,,,,,,,
T.Montgomery,00-0032200,yes,BAL,RB,,,,,,,,,,,,,,,,,,,,,,,,,,,,,,,,,,,,,,,,,,,,,,,,,,,,,,,,,,,,,,,,,,,,,,,,,,,,5
B.Carr,00-0026280,yes,BAL,DB,,,,,,,,,1,,,,,,,,,,,,,,,,,,,,,,,,,,,,,,,,,,,,,,,,,,,,,,,,,,,,,,,,,,,,,,,,,,,
J.Allen,00-0031577,yes,BAL,RB,,,,,,,,,,,,,,,,,,,,,,,,,,,,,,,,,,,,,,,,,,,,,,,,,,,,,,,,,,,,,,,,,,,,,,,1,,,,,2
R.Stanley,00-0032965,yes,BAL,OT,,,,,,,,,,,,,,,,,,,,,,,,,,,,,,,,,,,,,,,,,,,,,,,,,,,,,,1,5,,,,,,,,,,,,,,,,,,,,,
M.Humphrey,00-0033281,yes,BAL,CB,,,,,,,,,1,,,,,,,,,,,,,,,,,,,,,,,,,,,,,,,,,,,,,,,,,,,,,,,,,,,,,,,,,,,,,,,,,,,
C.Parkey,00-0030850,yes,CHI,K,,,,,,,,,,,,,,,,,,,,,,,,,,211,3,3,122,,,,6,3,,,,354,,,,,,,,,,,,,,,,,,,,,,,,,,,,,,,,,,,,,,
S.Diggs,00-0031588,no,MIN,WR,,,,,,,,,,,,,,,,,,,,,,,,,,,,,,,,,,,,,,,,,,,,,,,,,,,,,,,,,,,,,,,13,18,1,,,,67,126,,,,,,
P.Amukamara,00-0027957,yes,CHI,DB,,,,,,,,,1,,,,,8,,,,,,,,,,,,,,,,,,,,,,,,,,,,,,,,,,,,,,,,,,,,,,,,,,,,,,,,,,,,,,
K.Cousins,00-0029604,no,MIN,QB,,,,,,,,,,,,,,,,,,,,,,,,,,,,,,,,,,,,,,,,,46,30,166,16,205,2,2,-16,2,2,1,1,262,,,,,,,,,,,,,,,,,,1,,,,,5
L.Floyd,00-0033072,yes,CHI,LB,,,,,,,,,,,,,,5,2,3,,,,,,,,,,,,,,,,,,,,,,,,,,,,,,,,,,,,,,,,,,,,,,,,,,,,,,,,,,,,
D.Cook,00-0033893,no,MIN,RB,,,,,,,,,,,,,,,,,,1,1,,,,,,1,,,,,,,,,,,,,,,,,,,,,,,,,,,,,,,,,,,,,,3,3,,,,,3,-2,9,,,,,12
A.Hicks,00-0029657,yes,CHI,DE,,,,,,,,,,2,1.0,-8,,6,5,13,,,,,,,,,,,,,,,,,,,,,,,,,,,,,,,,,,,,,,1,1,,,,,,,,,,,,,,,,,,,,,
L.Murray,00-0030513,no,MIN,RB,,,,,,,,,,,,,,,,,,,,,,,,,,,,,,,,,,,,,,,,,,,,,,,,,,,,,,,,,,,,,,,,,,,,,,,4,,,,,5
T.Cohen,00-0033556,yes,CHI,RB,,,,,,,,,,,,,,,,,,1,1,,,,,,1,,,,,,,,,,,,,,1,22,,,,,,,,,,,,,,,,,,,,2,1,11,3,5,,,,,22,23,7,,,,,27
M.Wile,00-0031876,no,MIN,P,,,,,,,,,,,,,,,,,,,,,,,,,,,,,,,,,,,,,,,,,,,,,,,,,,,,,,,,2,4,,178,,,,,,,,,,,,,,,,,
E.Kendricks,00-0031554,no,MIN,LB,,,,,,,,,,,,,,12,,,,,,,,,,,,,,,,,,,,,,,,,,,,,,,,,,,,,,,,1,15,,,,,,,,,,,,,,,,,,,,,
H.Smith,00-0029606,no,MIN,DB,1,,1,,0,,,,,,,,,7,2,5,,,,,,,,,,,,,,,,,,,,,,,,,,,,,,,,,,,,,,1,15,,,,,,,,,,,,,,,,,,,,,
J.Howard,00-0032780,yes,CHI,RB,,,,,,,,,,,,,,,,,,,,,,,,,,,,,,,,,,,,,,,,,,,,,,,,,,,,,,,,,,,,,,,1,1,,,,,2,2,18,,,,,63
D.Hunter,00-0031565,no,MIN,DE,,,,,,,,,,,,,,5,3,2,1,,,,,,,,,,,,,,,,,,,,,,,,,,,,,,,,,,,,,,,,,,,,,,,,,,,,,,,,,,,
M.Trubisky,00-0033869,yes,CHI,QB,,,,,,,,,,,,,,,,,,,,,,,,,,,,,,,,,,,,,,,,,31,20,101,11,143,2,1,-5,1,1,1,,165,,,,,,,,,,,,,,,,,,10,,,,,43
A.Harris,00-0031799,no,MIN,DB,1,,,,,2,,33,3,,,,,3,,,,,,,,,,,,,,,,,,,,,,,,,,,,,,,,,,,,,,,,,,,,,,,,,,,,,,,,,,,,,,
T.Gabriel,00-0031228,yes,CHI,WR,,,,,,,,,,,,,,1,,,,,,,,,,,,,,,,,,,,,,,,,,,,,,,,,,,,,,,,,,,,,,,,,7,9,,,,,10,52,2,,,,,17
J.Bellamy,00-0029319,yes,CHI,WR,,,,,,,,,,,,,,,,,,,,,,,,,,,,,,,,,,,,,,,,,,,,,,,,,,,,,,,,,,,,,,,2,3,,1,1,,10,11,,,,,,
T.Waynes,00-0031546,no,MIN,CB,,,,,,,,,,,,,,5,,,,,,,,,,,,,,,,,,,,,,,,,,,,,,,,,,,,,,,,,,,,,,,,,,,,,,,,,,,,,,
X.Rhodes,00-0030575,no,MIN,DB,1,,,,,,,,1,,,,,3,,,,,,,,,,,,,,,,,,,,,,,,,,,,,,,,,,,,,,,,,,,,,,,,,,,,,,,,,,,,,,
A.Miller,00-0034353,yes,CHI,WR,,,,,,,,,,,,,,,,,,,,,,,,,,,,,,,,,,,,,,,,,,,,,,,,,,,,,,1,10,,,,,,,,2,3,1,,,,0,25,1,,,,,-1
E.Wilson,00-0033336,no,MIN,LB,2,,,,,,,,,2,1.0,-5,,5,1,5,1,,,,,,,,,,,,,,,,,,,,,,,,,,,,,,,,,,,,,1,15,,,,,,,,,,,,,,,,,,,,,
K.Fuller,00-0031041,yes,CHI,DB,1,,,,,,,,2,,,,,6,,,,,,,,,,,,,,,,,,,,,,,,,,,,,,,,,,,,,,,,1,15,,,,,,,,,,,,,,,,,,,,,
B.Nichols,00-0034387,yes,CHI,DT,,,,,,,,,,,,,,1,,,,,,,,,,,,,,,,,,,,,,,,,,,,,,,,,,,,,,,,,,,,,,,,,,,,,,,,,,,,,,
R.Smith,00-0034874,yes,CHI,LB,1,,,,,,,,,,,,,6,,,,,,,,,,,,,,,,,,,,,,,,,,,,,,,,,,,,,,,,1,10,,,,,,,,,,,,,,,,,,,,,
K.Rudolph,00-0027981,no,MIN,TE,,,,,,,,,,,,,,1,,,,,,,,,,,,,,,,,,,,,,,,,,,,,,,,,,,,,,,,,,,,,,,,,2,5,,1,,1,1,13,,,,,,
K.Mack,00-0031040,yes,CHI,LB,,1,1,,0,,,,1,2,1.0,-8,,2,1,8,,,,,,,,,,,,,,,,,,,,,,,,,,,,,,,,,,,,,,,,,,,,,,,,,,,,,,,,,,,,
M.Alexander,00-0032389,no,MIN,CB,,,,,,,,,2,,,,,2,,,,,,,,,,,,,,,,,,,,,,,,,,,,,,,,,,,,,,,,,,,,,,,,,,,,,,,,,,,,,,
T.Burton,00-0030710,yes,CHI,TE,,,,,,,,,,,,,,,,,,,,,,,,,,,,,,,,,,,,,,,,,,,,,,,,,,,,,,,,,,,,,,,1,1,,,,,8,9,,,,,,
A.Thielen,00-0030035,no,MIN,WR,,,,,,,,,,,,,,,,,,,,,,,,,,,,,,,,,,,,,,,,,,,,,,,,,,,,,,,,,,,,,,,7,12,,1,1,,13,66,,,,,,
S.Weatherly,00-0032448,no,MIN,DE,1,,,,,,,,,,,,,2,1,1,,,,,,,,,,,,,,,,,,,,,,,,,,,,,,,,,,,,,,,,,,,,,,,,,,,,,,,,,,,,
T.Mizzell,00-0033373,yes,CHI,,1,,,,,,,,,,,,,,,,,,,,,,,,,,,,,,,,,,,,,,1,20,,,,,,,,,,,,,,,,,,,,,,,,,,,,,,,1,,,,,-1
A.Robinson II,00-0031428,yes,CHI,WR,,,,,,,,,,,,,,,,,,,,,,,,,,,,,,,,,,,,,,,,,,,,,,,,,,,,,,,,,,,,,,,3,7,,,,,10,39,,,,,,
L.Joseph,00-0027885,no,MIN,DT,1,,,,,,,,,,,,,1,,,,,,,,,,,,,,,,,,,,,,,,,,,,,,,,,,,,,,,,1,5,,,,,,,,,,,,,,,,,,,,,
H.Hill,00-0034213,no,MIN,DB,,,,,,,,,,,,,,1,,,,,,,,,,,,,,,,,,,,,,,,,,,,,,,,,,,,,,,,,,,,,,,,,,,,,,,,,,,,,,
B.Braunecker,00-0032661,yes,CHI,TE,,,,,,,,,,,,,,,,,,,,,,,,,,,,,,,,,,,,,,,,,,,,,,,,,,,,,,1,10,,,,,,,,1,1,,,,,2,4,,,,,,
A.Abdullah,00-0032104,no,MIN,RB,,,,,,,,,,,,,,,,,,,,,,,,,,,,,,,,,,,,,,,2,57,,,,,,,,,,,,,,,,,,,,,,,1,1,,,,,9,10,,,,,,
D.Houston-Carson,00-0032790,yes,CHI,DB,1,,,,,,,,,,,,,2,,,,,,,,,,,,,,,,,,,,,,,,,,,,,,,,,,,,,,,,,,,,,,,,,,,,,,,,,,,,,,
J.Bullard,00-0033093,yes,CHI,DE,,,,,,,,,1,,,,,,,,,,,,,,,,,,,,,,,,,,,,,,,,,,,,,,,,,,,,,,,,,,,,,,,,,,,,,,,,,,,
D.Trevathan,00-0029577,yes,CHI,LB,,,,,,,,,,,,,,2,1,5,,,,,,,,,,,,,,,,,,,,,,,,,,,,,,,,,,,,,,,,,,,,,,,,,,,,,,,,,,,,
B.Gedeon,00-0033944,no,MIN,LB,,,,,,,,,,,,,,3,,,,,,,,,,,,,,,,,,,,,,,,,,,,,,,,,,,,,,,,,,,,,,,,,,,,,,,,,,,,,,
E.Griffen,00-0027701,no,MIN,DE,,,,,,,,,,,,,,2,,,,,,,,,,,,,,,,,,,,,,,,,,,,,,,,,,,,,,,,,,,,,,,,,,,,,,,,,,,,,,
J.Kearse,00-0032454,no,MIN,SAF,,,,,,,,,,,,,,3,,,,,,,,,,,,,,,,,,,,,,,,,,,,,,,,,,,,,,,,,,,,,,,,,,,,,,,,,,,,,,
A.Amos,00-0031584,yes,CHI,DB,,,,,,1,,26,1,,,,,3,,,,,,,,,,,,,,,,,,,,,,,,,,,,,,,,,,,,,,,,,,,,,,,,,,,,,,,,,,,,,,
C.Beebe,00-0034309,no,MIN,N/A,,,,,,,,,,,,,,1,,,,,,,,,,,,,,,,,,,,,,,,,,,,,,,,,,,,,,,,,,,,,,,,,1,1,,,,,-1,18,,,,,,
D.Bailey,00-0028660,no,MIN,K,,,,,,,,,,,,,,1,,,,,,,,,,,,135,2,2,72,,,,5,2,,,,263,,,,,,,,,,,,,,,,,,,,,,,,,,,,,,,,,,,,,,
S.Richardson,00-0030573,no,MIN,DT,1,,,,,,,,,,,,,,,,,,,,,,,,,,,,,,,,,,,,,,,,,,,,,,,,,,,,,,,,,,,,,,,,,,,,,,,,,,,
M.Sherels,00-0027547,no,MIN,DB,,,,,,,,,,,,,,,,,,,,,,,,,,,,,,,,,,,,,,,,,,,,,,,,,,,,,,,,,,,,,1,10,,,,,,,,,,,,,,
P.O'Donnell,00-0031079,yes,CHI,P,,,,,,,,,,,,,,,,,,,,,,,,,,,,,,,,,,,,,,,,,,,,,,,,,,,,,,,,1,2,,71,,,,,,,,,,,,,,,,,
B.Witzmann,00-0031152,yes,CHI,OG,,,,,,,,,,,,,,1,,,,,,,,,,,,,,,,,,,,,,,,,,,,,,,,,,,,,,,,,,,,,,,,,,,,,,,,,,,,,,
L.Treadwell,00-0032951,no,MIN,WR,,,,,,,,,,,,,,,,,,,,,,,,,,,,,,,,,,,,,,,,,,,,,,,,,,,,,,,,,,,,,,,1,3,,,,,0,7,,,,,,
J.Johnson,00-0033940,no,MIN,DT,,1,,,,,,,,,,,,1,,,,,,,,,,,,,,,,,,,,,,,,,,,,,,,,,,,,,,,,,,,,,,,,,,,,,,,,,,,,,,
C.Whitehair,00-0032768,yes,CHI,C,,,,,,,,,,,,,,1,,,,,,,,,,,,,,,,,,,,,,,,,,,,,,,,,,,,,,,,,,,,,,,,,,,,,,,,,,,,,,
E.Jackson,00-0033784,yes,CHI,DB,,,,,,1,1,27,1,,,,1,,,,,,,,,,,,,,,,,,,,,,,,,,,,,,,,,,,,,,,,,,,,,,,,,,,,,,,,,,,,,,,
A.Robinson,00-0028116,no,MIN,WR,,,,,,,,,,,,,,,,,,,,,,,,,,,,,,,,,,,,,,,,,,,,,,,,,,,,,,,,,,,,,,,2,2,1,,,,4,24,,,,,,
G.Iloka,00-0029215,no,MIN,DB,,,,,,,,,,,,,,1,,,,,,,,,,,,,,,,,,,,,,,,,,,,,,,,,,,,,,,,,,,,,,,,,,,,,,,,,,,,,,
B.Callahan,00-0031904,yes,CHI,CB,,,,,,,,,,,,,,1,,,,,,,,,,,,,,,,,,,,,,,,,,,,,,,,,,,,,,,,,,,,,,,,,,,,,,,,,,,,,,
N.Bellore,00-0028292,yes,DET,FB,,,,,,,,,,,,,,1,,,,,,,,,,,,,,,,,,,,,,,,,,,,,,,,,,,,,,,,,,,,,,,,,,,,,,,,,,,,,,
D.Byrd,00-0031868,no,CAR,WR,,,,,,,,,,,,,,,,,,,,,,,,,,,,,,,,,,,,,,,2,34,,,,,,,,,,,,,,,,,,,,1,1,-1,,,,,,,,,,,,,,
S.Martin,00-0030092,yes,DET,P,,,,,,,,,,,,,,,,,,,,,,,,,,206,,,,,,1,5,3,,,,326,,,,,,,,,,,,,,,,,,3,6,1,281,,,,,,,,,,,,,,,,,
J.Carter,00-0034396,no,CAR,LB,,,,,,,,,,,,,,,,,,,,,,,,,,,,,,,,,,,,,,,,,,,,,,,,,,,,,,1,10,,,,,,,,,,,,,,,,,,,,,
C.McCaffrey,00-0033280,no,CAR,RB,,,,,,,,,,,,,,,,,,,,,,,,,,,,,,,,,,,,,,,,,,,,,,,,,,,,,,,,,,,,,,,6,8,,,,,40,57,13,,,,,53
D.Slay,00-0030062,yes,DET,DB,1,,,,,,,,2,,,,,3,,,,,,,,,,,,,,,,,,,,,,,,,,,,,,,,,,,,,,,,,,,,,,,,,,,,,,,,,,,,,,
C.Artis-Payne,00-0031599,no,CAR,RB,,,,,,,,,,,,,,,,,,,,,,,,,,,,,,,,,,,,,,,,,,,,,,,,,,,,,,,,,,,,,,,,,,,,,,,1,,,,,1
J.Davis,00-0033539,yes,DET,LB,,,,,,,,,,1,1.0,-12,,6,1,12,,,,,,,,,,,,,,,,,,,,,,,,,,,,,,,,,,,,,,,,,,,,,,,,,,,,,,,,,,,,
C.Newton,00-0027939,no,CAR,QB,,,,,,,,,,,,,,,,,,,,,,,,,,,,,,,,,,,,,,,,,37,25,174,12,165,1,3,-26,3,1,,1,357,,,,,,,,,,,,,,,,,,2,,,,,2
J.Wright,00-0029572,no,CAR,WR,,,,,,,,,,,,,,,,,,,,,,,,,,,,,,,,,,,,,,,,,,,,,,,,,,,,,,,,,,,,,,,3,3,,1,,1,26,40,,,,,,
N.Lawson,00-0031176,yes,DET,DB,,,,,,,,,1,,,,,5,,,,,,,,,,,,,,,,,,,,,,,,,,,,,,,,,,,,,,,,,,,,,,,,,,,,,,,,,,,,,,
D.Moore,00-0034827,no,CAR,WR,,,,,,,,,,,,,,,,,,,,,,,,,,,,,,,,,,,,,,,,,,,,,,,,,,,,,,,,,,,,,,,7,8,1,,,,104,157,,,,,,
M.Ford,00-0034639,yes,DET,N/A,,,,,,,,,,,,,,2,,,,,,,,,,,,,,,,,,,,,,,,,,,,,,,,,,,,,,,,,,,,,,,,,,,,,,,,,,,,,,
G.Quin,00-0027081,yes,DET,DB,,,,,,,,,,,,,,1,,,,,,,,,,,,,,,,,,,,,,,,,,,,,,,,,,,,,,,,,,,,,,,,,,,,,,,,,,,,,,
D.Funchess,00-0032055,no,CAR,WR,,,,,,,,,,,,,,,,,,,,,,,,,,,,,,,,,,,,,,,,,,,,,,,,,,,,,,,,,,,,,,,2,8,,,,,5,39,,,,,,
C.Jones,00-0031130,yes,DET,LB,,,,,,,,,1,,,,,4,,,,,,,,,,,,,,,,,,,,,,,,,,,,,,,,,,,,,,,,,,,,,,,,,,,,,,,,,,,,,,
Q.Diggs,00-0031608,yes,DET,CB,,,,,,,,,,,,,,2,,,,,,,,,,,,,,,,,,,,,,,,,,,,,,,,,,,,,,,,,,,,,,,,,,,,,,,,,,,,,,
D.Harrison,00-0029040,yes,DET,DT,1,,,,,,,,1,,,,,2,,,,,,,,,,,,,,,,,,,,,,,,,,,,,,,,,,,,,,,,,,,,,,,,,,,,,,,,,,,,,,
G.Olsen,00-0025418,no,CAR,TE,,,,,,,,,,,,,,,,,,,,,,,,,,,,,,,,,,,,,,,,,,,,,,,,,,,,,,,,,,,,,,,2,3,1,,,,0,9,,,,,,
G.Gano,00-0026858,no,CAR,K,,,,,,,,,,,,,,,,,,,,,,,,,,150,1,,,1,34,,4,2,2,1,1,196,,,,,,,,,,,,,,,,,,,,,,,,,,,,,,,,,,,,,,
L.Willson,00-0030089,yes,DET,TE,,,,,,,,,,,,,,,,,,,,,,,,,,,,,,,,,,,,,,,1,20,,,,,,,,,,,,,,,,,,,,,,,,1,,,,,,,,,,,,
R.Gaulden,00-0034362,no,CAR,DB,,,,,,,,,,,,,,1,,,,,,,,,,,,,,,,,,,,,,,,,,,,,,,,,,,,,,,,,,,,,,,,,,,,,,,,,,,,,,
K.Golladay,00-0033932,yes,DET,WR,,,,,,,,,,,,,,,,,,,,,,,,,,,,,,,,,,,,,,,,,,,,,,,,,,,,,,,,,,,,,,,8,15,1,,,,32,113,,,,,,
J.Bradberry,00-0032890,no,CAR,CB,,,,,,,,,,,,,,4,,,,,,,,,,,,,,,,,,,,,,,,,,,,,,,,,,,,,,,,,,,,,,,,,,,,,,,,,,,,,,
M.Stafford,00-0026498,yes,DET,QB,,,,,,,,,,,,,,,,,,,,,,,,,,,,,,,,,,,,,,,,,37,23,92,14,131,,1,-5,1,,,,220,,,,,,,,,,,,,,,,,,3,,,,,6
K.Johnson,00-0034349,yes,DET,RB,,,,,,,,,,,,,,,,,,,,,,,,,,,,,,,,,,,,,,,,,,,,,,,,,,,,,,,,,,,,,,,2,2,,,,,18,10,15,1,,,,87
J.Peppers,00-0021140,no,CAR,DE,,,,,,,,,,1,1.0,-5,,2,1,5,1,,,,,,,,,,,,,,,,,,,,,,,,,,,,,,,,,,,,,,,,,,,,,,,,,,,,,,,,,,,
S.Thompson,00-0031550,no,CAR,LB,2,,,,,,,,,,,,,4,,,,,,,,,,,,,,,,,,,,,,,,,,,,,,,,,,,,,,,,,,,,,,,,,,,,,,,,,,,,,,
L.Kuechly,00-0029248,no,CAR,LB,4,,,,,,,,,,,,,7,2,7,,,,,,,,,,,,,,,,,,,,,,,,,,,,,,,,,,,,,,,,,,,,,,,,,,,,,,,,,,,,
M.Adams,00-0022247,no,CAR,DB,3,,,,,,,,,,,,,6,1,1,,,,,,,,,,,,,,,,,,,,,,,,,,,,,,,,,,,,,,,,,,,,,,,,,,,,,,,,,,,,
E.Reid,00-0030548,no,CAR,DB,,,,,,,,,1,,,,,5,,,,,,,,,,,,,,,,,,,,,,,,,,,,,,,,,,,,,,,,,,,,,,,,,,,,,,,,,,,,,,
T.Jones,00-0031189,yes,DET,WR,,,,,,,,,,,,,,,,,,,,,,,,,,,,,,,,,,,,,,,,,,,,,,,,,,,,,,,,,,,,1,1,10,1,1,,,,,0,2,,,,,,
B.Ellington,00-0031326,yes,DET,WR,,,,,,,,,,,,,,,,,,,,,,,,,,,,,,,,,,,,,,,,,,,,,,,,,,,,,,,,,,,,3,,,6,9,,,,,30,52,,,,,,
T.Davis,00-0023448,no,CAR,LB,1,,,,,,,,,,,,,5,,,,,,,,,,,,,,,,,,,,,,,,,,,,,,,,,,,,,,,,,,,,,,,,,,,,,,,,,,,,,,
L.Blount,00-0027325,yes,DET,RB,,,,,,,,,,,,,,,,,,,,,,,,,,,,,,,,,,,,,,,,,,,,,,,,,,,,,,,,,,,,,,,,,,,,,,,7,,,,,1
M.Prater,00-0023853,yes,DET,K,,,,,,,,,,,,,,,,,,,,,,,,,,,2,2,86,,,,,,2,2,,,,,,,,,,,,,,,,,,,,,,,,,,,,,,,,,,,,,,,,
D.Kennard,00-0031241,yes,DET,LB,1,,,,,,,,,1,1.0,-5,,3,1,5,,,,,,,,,,,,,,,,,,,,,,,,,,,,,,,,,,,,,,,,,,,,,,,,,,,,,,,,,,,,
D.Hand,00-0034371,yes,DET,DE,,,,,,,,,,,,,,1,,,,,,,,,,,,,,,,,,,,,,,,,,,,,,,,,,,,,,,,,,,,,,,,,,,,,,,,,,,,,,
M.Palardy,00-0031363,no,CAR,P,,,,,,,,,,,,,,,,,,,,,,,,,,,,,,,,,,,,,,,,,,,,,,,,,,,,,,,,1,5,,222,,,,,,,,,,,,,,,,,
M.Addison,00-0028339,no,CAR,DE,1,,,,,,,,,,,,,2,2,5,,,,,,,,,,,,,,,,,,,,,,,,,,,,,,,,,,,,,,,,,,,,,,,,,,,,,,,,,,,,
T.Riddick,00-0030107,yes,DET,RB,,,,,,,,,,,,,,,,,,,,,,,,,,,,,,,,,,,,,,,,,,,,,,,,,,,,,,,,,,,,,,,5,6,,,,,38,30,1,,,,,0
R.Jean Francois,00-0026502,yes,DET,DT,,,,,,,,,,,,,,2,,,,,,,,,,,,,,,,,,,,,,,,,,,,,,,,,,,,,,,,,,,,,,,,,,,,,,,,,,,,,,
B.Cox,00-0033408,no,CAR,DE,2,,,,,,,,,,,,,1,1,3,,,,,,,,,,,,,,,,,,,,,,,,,,,,,,,,,,,,,,,,,,,,,,,,,,,,,,,,,,,,
T.Bates,00-0032452,yes,DET,,,,,,,,,,,,,,,1,,,,,,,,,,,,,,,,,,,,,,,,,,,,,,,,,,,,,,,,,,,,,,,,,,,,,,,,,,,,,,
C.Samuel,00-0033282,no,CAR,WR,,,,,,,,,,,,,,1,,,,,,,,,,,,,,,,,,,,,,,,,,,,,,,,,,,,,,,,,,,,,,,,,5,7,1,,,,8,55,,,,,,
T.Wilson,00-0029410,yes,DET,DB,,,,,,,,,,,,,,4,,,,,,,,,,,,,,,,,,,,,,,,,,,,,,,,,,,,,,,,,,,,,,,,,,,,,,,,,,,,,,
E.Ansah,00-0030059,yes,DET,DE,1,,,,,,,,,2,1.0,-9,,1,1,9,,,,,,,,,,,,,,,,,,,,,,,,,,,,,,,,,,,,,,,,,,,,,,,,,,,,,,,,,,,,
L.Toilolo,00-0030443,yes,DET,TE,,,,,,,,,,,,,,,,,,,,,,,,,,,,,,,,,,,,,,,,,,,,,,,,,,,,,,,,,,,,,,,1,1,,,,,10,13,,,,,,
T.Turner,00-0031362,no,CAR,OG,,,,,,,,,,,,,,,,,,,,,,,,,,,,,,,,,,,,,,,,,,,,,,,,,,,,,,1,5,,,,,,,,,,,,,,,,,,,,,
T.Walker,00-0034745,yes,DET,DB,,,,,,1,,0,1,,,,,1,,,,,,,,,,,,,,,,,,,,,,,,,,,,,,,,,,,,,,,,,,,,,,,,,,,,,,,,,,,,,,
M.Haynes,00-0034382,no,CAR,DE,,,,,,,,,,,,,,1,,,,,,,,,,,,,,,,,,,,,,,,,,,,,,,,,,,,,,,,,,,,,,,,,,,,,,,,,,,,,,
K.Short,00-0030448,no,CAR,DT,,,,,,,,,1,,,,,2,,,,,,,,,,,,,,,,,,,,,,,,,,,,,,,,,,,,,,,,,,,,,,,,,,,,,,,,,,,,,,
D.Jackson,00-0034356,no,CAR,CB,,,,,,,,,,,,,,1,,,,,,,,,,,,,,,,,,,,,,,,,,,,,,,,,,,,,,,,,,,,,,,,,,,,,,,,,,,,,,
Ch.Washington,00-0032560,yes,DET,DB,,,,,,,,,,,,,,1,,,,,,,,,,,,,,,,,,,,,,,,,,,,,,,,,,,,,,,,,,,,,,,,,,,,,,,,,,,,,,
T.Heinicke,00-0031800,no,CAR,QB,,,,,,,,,,,,,,,,,,,,,,,,,,,,,,,,,,,,,,,,,1,,,1,10,,,,,,,,,,,,,,,,,,,,,,,,,,,,,,,
C.Jones,00-0028128,no,CAR,DB,1,,,,,,,,,,,,,,,,,,,,,,,,,,,,,,,,,,,,,,,,,,,,,,,,,,,,,,,,,,,,,,,,,,,,,,,,,,,
B.Jacobs,00-0028698,no,CAR,LB,1,,,,,,,,,,,,,,,,,,,,,,,,,,,,,,,,,,,,,,,,,,,,,,,,,,,,,,,,,,,,,,,,,,,,,,,,,,,
R.Okwara,00-0032655,yes,DET,DE,,,,,,,,,,,,,,1,,,,,,,,,,,,,,,,,,,,,,,,,,,,,,,,,,,,,,,,,,,,,,,,,,,,,,,,,,,,,,
T.Tabor,00-0033545,yes,DET,CB,,,,,,,,,,,,,,1,,,,,,,,,,,,,,,,,,,,,,,,,,,,,,,,,,,,,,,,,,,,,,,,,,,,,,,,,,,,,,
C.Munnerlyn,00-0026944,no,CAR,DB,,,,,,,,,,,,,,1,,,,,,,,,,,,,,,,,,,,,,,,,,,,,,,,,,,,,,,,,,,,,,,,,,,,,,,,,,,,,,
R.Sanchez,00-0033269,yes,IND,P,,,,,,,,,,,,,,,,,,,,,,,,,,495,,,,,,,7,7,,,,440,,,,,,,,,,,,,,,,,,3,3,,142,,,,,,,,,,,,,,,,,
D.Lewis,00-0028087,no,TEN,RB,,,,,,,,,,,,,,,,,,,,,,,,,,,,,,,,,,,,,,,,,,,,,,,,,,,,,,,,,,,,,,,1,2,,,,,6,8,10,,,,,24
D.Leonard,00-0034846,yes,IND,LB,2,1,,,,1,,10,1,1,1.0,-2,,5,,,,1,,,1,,,,1,,,,,,,,,,,,,,,,,,,,,,,,,,,,,,,,,,,,,,,,,,,,,,,,,,,
D.Autry,00-0031254,yes,IND,DE,,,,,,,,,,1,1.0,-7,,2,1,7,1,,,,,,,,,,,,,,,,,,,,,,,,,,,,,,,,,,,,,1,5,,,,,,,,,,,,,,,,,,,,,
G.Odum,00-0034091,yes,IND,DB,2,,,,,,,,,,,,,4,1,1,,,,,,,,,,,,,,,,,,,,,,,,,,,,,,,,,,,,,,1,15,,,,,,,,,,,,,,,,,,,,,
M.Mariota,00-0032268,no,TEN,QB,,,,,,,,,,,,,,,,,,1,,,,,,,1,,,,,,,,,,,,,,,,13,10,48,3,53,1,4,-19,,,,,85,,,,,,,,,,,,,,,,,,4,,,,,17
J.Smith,00-0033858,no,TEN,TE,,,,,,,,,,,,,,1,,,,,,,,,,,,,,,,,,,,,,,,,,,,,,,,,,,,,,,,,,,,,,,,,6,8,,,,,22,44,,,,,,
K.Moore II,00-0033393,yes,IND,CB,1,,,,,,,,,1,0.5,-8,,9,1,,3,,,,,,,,,,,,,,,,,,,,,,,,,,,,,,,,,,,,,,,,,,,,,,,,,,,,,,,,,,,
C.Batson,00-0034652,no,TEN,N/A,,,,,,,,,,,,,,,,,,,,,,,,,,,,,,,,,,,,,,,,,,,,,,,,,,,,,,1,15,,,,,,,,1,1,,,,,7,5,1,,,,,1
A.Woods,00-0027723,yes,IND,DT,,,,,,,,,,,,,,2,,,,,,,,,,,,,,,,,,,,,,,,,,,,,,,,,,,,,,,,,,,,,,,,,,,,,,,,,,,,,,
C.Davis,00-0033871,no,TEN,WR,,1,,,,,,,,,,,,1,,,,,,,,,,,,,,,,,,,,,,,,,,,,,,,,,,,,,,,,1,10,,,,,,,,2,4,,,,,9,30,1,,,,,-1
L.Stocker,00-0028042,no,TEN,TE,,,,,,,,,,,,,,,,,,,,,,,,,,,,,,,,,,,,,,,,,,,,,,,,,,,,,,,,,,,,,,,2,3,,,,,6,16,,,,,,
C.Geathers,00-0031571,yes,IND,DB,,,,,,,,,1,,,,,4,,,1,,,,,,,,,,,,,,,,,,,,,,,,,,,,,,,,,,,,,,,,,,,,,,,,,,,,,,,,,,,
A.Muhammad,00-0033964,yes,IND,DE,5,,,,,,,,,,,,,,,,,,,,,,,,,,,,,,,,,,,,,,,,,,,,,,,,,,,,,,,,,,,,,,,,,,,,,,,,,,,
M.Hunt,00-0030449,yes,IND,DE,1,,,,,,,,,,,,,1,,,,,,,,,,,,,,,,,,,,,,,,,,,,,,,,,,,,,,,,,,,,,,,,,,,,,,,,,,,,,,
J.Sheard,00-0027975,yes,IND,DE,1,,,,,,,,,2,1.5,-16,,3,1,8,1,,,,,,,,,,,,,,,,,,,,,,,,,,,,,,,,,,,,,1,5,,,,,,,,,,,,,,,,,,,,,
B.Kern,00-0025825,no,TEN,P,,,,,,,,,,,,,,,,,,,,,,,,,,,,,,,,,,,,,,,,,,,,,,,,,,,,,,,,3,6,,296,,,,,,,,,,,,,,,,,
C.Rogers,00-0032355,yes,IND,WR,,,,,,,,,,,,,,,,,,,,,,,,,,,,,,,,,,,,,,,,,,,,,,,,,,,,,,,,,,,,2,3,65,2,2,,,,,13,9,,,,,,
W.Woodyard,00-0025828,no,TEN,LB,1,,,,,,,,,,,,,7,,,3,,,,,,,,,,,,,,,,,,,,,,,,,,,,,,,,,,,,,,,,,,,,,,,,,,,,,,,,,,,
T.Hilton,00-0029608,yes,IND,WR,,,,,,,,,,,,,,,,,,,,,,,,,,,,,,,,,,,,,,,,,,,,,,,,,,,,,,,,,,,,,,,9,9,2,,,,45,155,,,,,,
A.Luck,00-0029668,yes,IND,QB,,,,,,,,,,,,,,,,,,,,,,,,,,,,,,,,,,,,,,,,,29,23,173,6,54,,,,3,,,,297,,,,,,,,,,,1,,,,,,,,,,,,
M.Mack,00-0033951,yes,IND,RB,,,,,,,,,,,,,,,,,,,,,,,,,,,,,,,,,,,,,,,,,,,,,,,,,,,,,,,,,,,,,,,1,2,,,,,7,8,16,1,,,,61
A.Jackson,00-0033878,no,TEN,CB,,,,,,,,,,,,,,9,,,,,,,,,,,,,,,,,,,,,,,,,,,,,,,,,,,,,,,,1,35,,,,,1,,,,,,,,,,,,,,,,
N.Hines,00-0034367,yes,IND,RB,,,,,,,,,,,,,,,,,,1,,,1,,,,1,,,,,,,,,,,,,,,,,,,,,,,,,,,,,,,,,,,,,,1,3,,,,,17,20,5,,,,,14
M.Butler,00-0031218,no,TEN,DB,,,,,,,,,1,,,,,3,,,,,,,,,,,,,,,,,,,,,,,,,,,,,,,,,,,,,,,,1,15,,,,,,,,,,,,,,,,,,,,,
R.Grant,00-0031068,yes,IND,WR,,,,,,,,,,,,,,,,,,,,,,,,,,,,,,,,,,,,,,,,,,,,,,,,,,,,,,,,,,,,,,,2,3,,,,,10,15,,,,,,
A.Walker,00-0033570,yes,IND,LB,,,,,,,,,,,,,,4,1,1,2,,,,,,,,,,,,,,,,,,,,,,,,,,,,,,,,,,,,,1,10,,,,,,,,,,,,,,,,,,,,,
T.Sharpe,00-0032778,no,TEN,WR,,,,,,,,,,,,,,,,,,,,,,,,,,,,,,,,,,,,,,,,,,,,,,,,,,,,,,1,10,,,,,,,,5,7,1,,,,10,37,,,,,,
A.Maulet,00-0033503,yes,IND,CB,,,,,,,,,,,,,,,,,,,,,,,,,,,,,,,,,,,,,,,,,,,,,,,,,,,,,,1,10,,,,,,,,,,,,,,,,,,,,,
D.Kilgo,00-0032138,no,TEN,,1,,,,,,,,,,,,,2,,,1,,,,,,,,,,,,,,,,,,,,,,,,,,,,,,,,,,,,,,,,,,,,,,,,,,,,,,,,,,,
M.Alie-Cox,00-0033217,yes,IND,,,,,,,,,,,,,,,,,,,,,,,,,,,,,,,,,,,,,,,,,,,,,,,,,,,,,,,,,,,,,,,,,1,,,,,,,,,,,,
J.Doyle,00-0030181,yes,IND,TE,,,,,,,,,,,,,,,,,,,,,,,,,,,,,,,,,,,,,,,,,,,,,,,,,,,,,,,,,,,,,,,4,4,,,,,22,43,,,,,,
Z.Pascal,00-0033251,yes,IND,WR,,,,,,,,,,,,,,,,,,,,,,,,,,,,,,,,,,,,,,,1,19,,,,,,,,,,,,,,1,10,,,,,,,,1,1,,,,,1,11,,,,,,
J.Brown,00-0033954,no,TEN,LB,1,,,,,,,,1,,,,,4,,,2,,,,,,,,,,,,,,,,,,,,,,,,,,,,,,,,,,,,,1,15,,,,,,,,,,,,,,,,,,,,,
H.Landry,00-0034828,no,TEN,LB,2,,,,,,,,,,,,,1,,,1,,,,,,,,,,,,,,,,,,,,,,,,,,,,,,,,,,,,,,,,,,,,,,,,,,,,,,,,,,,
K.Byard,00-0033132,no,TEN,DB,5,,,,,,,,,,,,,4,,,2,,,,,,,,,,,,,,,,,,,,,,,,,,,,,,,,,,,,,,,,,,,,,,,,,,,,,,,,,,,
J.Casey,00-0028015,no,TEN,DT,1,,,,,,,,,,,,,1,1,1,,,,,,,,,,,,,,,,,,,,,,,,,,,,,,,,,,,,,,1,2,,,,,,,,,,,,,,,,,,,,,
A.Vinatieri,00-0016919,yes,IND,K,,,,,,,,,,,,,,,,,,,,,,,,,,,1,1,22,,,,,,5,5,,,,,,,,,,,,,,,,,,,,,,,,,,,,,,,,,,,,,,,,
D.Henry,00-0032764,no,TEN,RB,,,,,,,,,,,,,,,,,,,,,,,,,,,,,,,,,,,,,,,,,,,,,,,,,,,,,,,,,,,,,,,,,,,,,,,9,,,,,46
Q.Wilson,00-0033544,yes,IND,CB,2,,,,,1,,0,1,,,,,1,,,,,,,,,,,,,,,,,,,,,,,,,,,,,,,,,,,,,,,,,,,,,,,,,,,,,,,,,,,,,,
K.Vaccaro,00-0030060,no,TEN,DB,2,,,,,,,,,,,,,4,1,2,1,,,,,,,,,,,,,,,,,,,,,,,,,,,,,,,,,,,,,,,,,,,,,,,,,,,,,,,,,,,
L.Ryan,00-0030411,no,TEN,DB,1,,,,,,,,,,,,,2,,,,,,,,,,,,,,,,,,,,,,,,,,,,,,,,,,,,,,,,,,,,,,,,,,,,,,,,,,,,,,
A.Johnson,00-0032763,no,TEN,NT,,,,,,,,,1,,,,,1,,,1,,,,,,,,,,,,,,,,,,,,,,,,,,,,,,,,,,,,,,,,,,,,,,,,,,,,,,,,,,,
D.Inman,00-0028411,yes,IND,,,,,,,,,,,,,,,,,,,,,,,,,,,,,,,,,,,,,,,,,,,,,,,,,,,,,,,,,,,,,,,,4,6,1,,,,10,34,,,,,,
E.Ebron,00-0031387,yes,IND,TE,,,,,,,,,,,,,,,,,,,,,,,,,,,,,,,,,,,,,,,,,1,,,1,4,,,,,,,,,,,,,,,,,,,,,,,,,,,,,,,
T.Lewis,00-0034359,yes,IND,DE,1,,,,,,,,,,,,,2,1,2,1,,,,,,,,,,,,,,,,,,,,,,,,,,,,,,,,,,,,,,,,,,,,,,,,,,,,,,,,,,,
P.Desir,00-0031331,yes,IND,DB,1,,,,,,,,,,,,,6,1,2,1,,,,,,,,,,,,,,,,,,,,,,,,,,,,,,,,,,,,,,,,,,,,,,,,,,,,,,,,,,,
T.Lewan,00-0031442,no,TEN,OT,,,,,,,,,,,,,,,,,,,,,,1,,0,,,,,,,,,,,,,,,,,,,,,,,,,,,,,,,,,,,,,,,,,,,,,,,,,,,,
S.Finch,00-0034659,no,TEN,LB,2,1,,,,,,,,,,,,2,,,,,,,,,,,,,,,,,,,,,,,,,,,,,,,,,,,,,,,,,,,,,,,,,,,,,,,,,,,,,,
J.Wilkins,00-0034400,yes,IND,RB,,,,,,,,,,,,,,,,,,,,,,,,,,,,,,,,,,,,,,,,,,,,,,,,,,,,,,,,,,,,,,,,,,,,,,,4,1,,,,30
K.Turay,00-0034354,yes,IND,DE,,,,,,,,,,3,1.0,-2,,1,1,2,,,,,,,,,,,,,,,,,,,,,,,,,,,,,,,,,,,,,,,,,,,,,,,,,,,,,,,,,,,,
B.Gabbert,00-0027948,no,TEN,QB,,,,,,,,,,,,,,,,,,,,,,,,,,,,,,,,,,,,,,,,,16,11,82,5,24,1,1,-8,1,,,,118,,,,,,,,,,,,,,,,,,,,,,,
R.Succop,00-0026968,no,TEN,K,,,,,,,,,,,,,,,,,,,,,,,,,,73,1,1,42,,,,2,1,1,1,,129,,,,,,,,,,,,,,,,,,,,,,,,,,,,,,,,,,,,,,
B.Trawick,00-0030020,no,TEN,DB,,,,,,,,,,,,,,2,,,,,,,,,,,,,,,,,,,,,,,,,,,,,,,,,,,,,,,,,,,,,,,,,,,,,,,,,,,,,,
K.Correa,00-0032386,no,TEN,LB,,,,,,,,,,,,,,1,,,,,,,,,,,,,,,,,,,,,,,,,,,,,,,,,,,,,,,,,,,,,,,,,,,,,,,,,,,,,,
A.Firkser,00-0033455,no,TEN,,,,,,,,,,,,,,,,,,,,,,,,,,,,,,,,,,,,,,,,,,,,,,,,,,,,,,,,,,,,,,,,3,3,,,,,13,44,,,,,,
M.Mitchell,00-0027023,yes,IND,,,,,,,,,,,,,,,2,,,1,,,,,,,,,,,,,,,,,,,,,,,,,,,,,,,,,,,,,,,,,,,,,,,,,,,,,,,,,,,
M.Glowinski,00-0031581,yes,IND,OG,,,,,,,,,,,,,,,,,,,,,,,,,,,,,,,,,,,,,,,,,,,,,,,,,,,,,,1,5,,,,,,,,,,,,,,,,,,,,,
R.Evans,00-0034743,no,TEN,LB,,,,,,,,,,,,,,1,,,,,,,,,,,,,,,,,,,,,,,,,,,,,,,,,,,,,,,,,,,,,,,,,,,,,,,,,,,,,,
Q.Spain,00-0032043,no,TEN,OG,,,,,,,,,,,,,,,,,,,,,,,,,,,,,,,,,,,,,,,,,,,,,,,,,,,,,,1,10,,,,,,,,,,,,,,,,,,,,,
B.Logan,00-0030507,no,TEN,DT,1,,,,,,,,,,,,,,,,,,,,,,,,,,,,,,,,,,,,,,,,,,,,,,,,,,,,,,,,,,,,,,,,,,,,,,,,,,,
J.Brissett,00-0033119,yes,IND,QB,,,,,,,,,,,,,,,,,,,,,,,,,,,,,,,,,,,,,,,,,2,1,-3,1,27,,,,,,,,-2,,,,,,,,,,,,,,,,,,3,,,,,-3
S.Moore,00-0034090,yes,IND,LB,,,,,,,,,,,,,,2,,,1,,,,,,,,,,,,,,,,,,,,,,,,,,,,,,,,,,,,,,,,,,,,,,,,,,,,,,,,,,,
C.Moore,00-0032050,yes,IND,DB,,,,,,,,,,,,,,1,,,,,,,,,,,,,,,,,,,,,,,,,,,,,,,,,,,,,,,,,,,,,,,,,,,,,,,,,,,,,,
M.Pruitt,00-0031585,no,TEN,TE,,,,,,,,,,,,,,,,,,,,,,,,,,,,,,,,,,,,,,,,,,,,,,,,,,,,,,,,,,,,,,,1,1,,,,,0,19,,,,,,
C.Santos,00-0031203,no,TB,,,,,,,,,,,,,,,,,,,,,,,,,,,,,,,,,,6,,5,5,,323,,,,,,,,,,,,,,,,,,,,,,,,,,,,,,,,,,,,,,
G.Igwebuike,00-0034614,no,TB,N/A,1,,,,,,,,,,,,,,,,,,,,,,,,,,,,,,,,,,,,,,,,,,,,,,,,,,,,,,,,,,,,,,,,,,,,,,,,,,,
C.Coleman,00-0032966,yes,NYG,,,,,,,,,,,,,,,,,,,,,,,,,,,,,,,,,,,,,,,,5,134,,,,,,,,,,,,,,,,,,,,,,,1,1,,,,,0,9,,,,,,
R.Smith,00-0032772,no,TB,CB,,,,,,,,,,,,,,1,,,1,,,,,,,,,,,,,,,,,,,,,,,,,,,,,,,,,,,,,,,,,,,,,,,,,,,,,,,,,,,
S.Barkley,00-0034844,yes,NYG,RB,,,,,,,,,,,,,,,,,,,,,,,,,,,,,,,,,,,,,,,,,,,,,,,,,,,,,,,,,,,,,,,2,3,1,,,,5,10,27,2,,,,142
G.McCoy,00-0027856,no,TB,DT,,,,,,,,,,2,2.0,-18,,4,2,18,,,,,,,,,,,,,,,,,,,,,,,,,,,,,,,,,,,,,,,,,,,,,,,,,,,,,,,,,,,,
C.Nassib,00-0033129,no,TB,DE,2,,,,,,,,,2,0.5,-8,,4,,,1,,,,,,,,,,,,,,,,,,,,,,,,,,,,,,,,,,,,,,,,,,,,,,,,,,,,,,,,,,,
J.Whitehead,00-0034374,no,TB,DB,1,,,,,,,,,,,,,7,1,4,5,,,,,,,,,,,,,,,,,,,,,,,,,,,,,,,,,,,,,,,,,,,,,,,,,,,,,,,,,,,
R.Bullough,00-0033424,no,TB,,,,,,,,,,,,,,,2,,,1,,,,,,,,,,,,,,,,,,,,,,,,,,,,,,,,,,,,,,,,,,,,,,,,,,,,,,,,,,,
O.Beckham,00-0031235,yes,NYG,WR,,,,,,,,,,,,,,,,,,,,,,,,,,,,,,,,,,,,,,,,,,,,,,,,,,,,,,,,,,,,,,,4,4,1,,,,12,74,1,,,,,11
E.Manning,00-0022803,yes,NYG,QB,,,,,,,,,,,,,,,,,,,,1,,1,,0,1,,,,,,,,,,,,,,,,18,17,116,1,22,,4,-35,2,,,,231,,,,,,,,,,,,,,,,,,1,,,,,-1
I.Johnson,00-0032749,no,TB,DB,3,,,,,,,,,,,,,7,,,,,,,,,,,,,,,,,,,,,,,,,,,,,,,,,,,,,,,,,,,,,,,,,,,,,,,,,,,,,,
A.Rosas,00-0032870,yes,NYG,K,,,,,,,,,,,,,,,,,,,,,,,,,,,1,1,52,,,,7,,4,4,,426,,,,,,,,,,,,,,,,,,,,,,,,,,,,,,,,,,,,,,
D.Ogunbowale,00-0033854,no,TB,,,,,,,,,,,,,,,1,,,,,,,,,,,,,,,,,,,,,,,,,7,137,,,,,,,,,,,,,,,,,,,,,,,,,,,,,,,,,,,,
M.Thomas,00-0028908,yes,NYG,DB,,,,,,1,,0,2,,,,,5,,,2,,,,,,,,,,,,,,,,,,,,,,1,4,,,,,,,,,,,,,,,,,,,,,,,,,,,,,,,,,,,,
P.Barber,00-0032741,no,TB,RB,,,,,,,,,,,,,,,,,,,,,,,,,,,,,,,,,,,,,,,,,,,,,,,,,,,,,,,,,,,,,,,2,2,,,,,0,4,18,1,,,,106
D.Tomlinson,00-0033546,yes,NYG,DT,4,,,,,,,,,,,,,2,,,2,,,,,,,,,,,,,,,,,,,,,,,,,,,,,,,,,,,,,,,,,,,,,,,,,,,,,,,,,,,
L.Collins,00-0032262,yes,NYG,DB,6,,,,,,,,,,,,,5,,,1,,,,,,,,,,,,,,,,,,,,,,,,,,,,,,,,,,,,,,,,,,,,,,,,,,,,,,,,,,,
A.Ogletree,00-0030527,yes,NYG,LB,2,,,,,1,1,15,1,,,,1,7,,,1,,,,,,,,,,,,,,,,,,,,,,,,,,,,,,,,,,,,,,,,,,,,,,,,,,,,,,,,,,,
R.Fitzpatrick,00-0023682,no,TB,QB,,,,,,,,,,,,,,,,,,,,,,,,,,,,,,,,,,,,,,,,,21,13,89,8,73,3,1,-7,,,,,167,,,,,,,,,,,,,,,,,,4,1,,,,14
C.Riley,00-0032042,yes,NYG,CB,1,,,,,1,,46,1,,,,,3,,,1,,,,,,,,,,,,,,,,,,,,,,,,,,,,,,,,,,,,,,,,,,,,,,,,,,,,,,,,,,,
B.Webb,00-0030403,yes,NYG,DB,1,,,,,1,,0,2,,,,,6,,,1,,,,,,,,,,,,,,,,,,,,,,,,,,,,,,,,,,,,,,,,,,,,,,,,,,,,,,,,,,,
C.Godwin,00-0033921,no,TB,WR,,,,,,,,,,,,,,,,,,,,,,,,,,,,,,,,,,,,,,,,,,,,,,,,,,,,,,,,,,,,,,,3,3,,,,,25,50,,,,,,
T.Davis,00-0034500,yes,NYG,LB,,,,,,,,,,1,,,,5,,,2,,,,,,,,,,,,,,,,,,,,,,,,,,,,,,,,,,,,,,,,,,,,,,,,,,,,,,,,,,,
J.Mauro,00-0030883,yes,NYG,DE,2,,,,,,,,,,,,,2,,,1,,,,,,,,,,,,,,,,,,,,,,,,,,,,,,,,,,,,,1,5,,,,,,,,,,,,,,,,,,,,,
D.Jackson,00-0026189,no,TB,WR,,,,,,,,,,,,,,1,,,,,,,,,,,,,,,,,,,,,,,,,,,,,,,,,,,,,,,,,,,,,,,,,4,7,,,,,3,38,,,,,,
J.Rodgers,00-0028083,no,TB,RB,,,,,,,,,,,,,,,,,,,,,,,,,,,,,,,,,,,,,,,,,,,,,,,,,,,,,,,,,,,,,,,,3,,,,,,,3,,,,,15
K.Martin,00-0031050,yes,NYG,LB,3,,,,,,,,,1,1.0,-7,,4,2,7,2,,,,,,,,,,,,,,,,,,,,,,,,,,,,,,,,,,,,,,,,,,,,,,,,,,,,,,,,,,,
C.Brate,00-0031273,no,TB,TE,,,,,,,,,,,,,,,,,,,,,,,,,,,,,,,,,,,,,,,,,,,,,,,,,,,,,,,,,,,,,,,2,3,,,,,4,16,,,,,,
A.Taylor,00-0031120,no,TB,LB,2,1,,,,,,,,,,,,4,,,2,,,,,,,,,,,,,,,,,,,,,,,,,,,,,,,,,,,,,,,,,,,,,,,,,,,,,,,,,,,
R.Ellison,00-0029587,yes,NYG,TE,,,,,,,,,,,,,,,,,,,,,,,,,,,,,,,,,,,,,,,,,,,,,,,,,,,,,,,,,,,,,,,1,1,,,,,10,12,,,,,,
D.Bond,00-0032789,no,TB,,1,,,,,,,,,,,,,1,,,,,,,,,,,,,,,,,,,,,,,,,,,,,,,,,,,,,,,,,,,,,,,,,,,,,,,,,,,,,,
E.Penny,00-0032813,yes,NYG,RB,,,,,,,,,,,,,,,,,,,,,,,,,,,,,,,,,,,,,,,,,,,,,,,,,,,,,,,,,,,,,,,2,2,,,,,5,4,,,,,,
B.Fowler,00-0030670,yes,NYG,,,,,,,,,,,,,,,,,,,,,,,,,,,,,,,,,,,,,,,,,,,,,,,,,,,,,,,,,,,,,,,,1,1,,,,,9,10,,,,,,
R.Nunez-Roches,00-0031957,no,TB,,,,,,,,,,,,,,,1,,,,,,,,,,,,,,,,,,,,,,,,,,,,,,,,,,,,,,,,,,,,,,,,,,,,,,,,,,,,,,
W.Gallman,00-0033950,yes,NYG,RB,,,,,,,,,,,,,,,,,,1,,,1,,,,1,,,,,,,,,,,,,,,,,,,,,,,,,,,,,,,,,,,,,,2,2,,,,,25,24,2,,,,,11
C.Davis III,00-0034778,no,TB,CB,,,,,,,,,,,,,,3,,,,,,,,,,,,,,,,,,,,,,,,,,,,,,,,,,,,,,,,,,,,,,,,,,,,,,,,,,,,,,
J.Jenkins,00-0029681,yes,NYG,DB,1,,,,,,,,1,,,,,3,,,1,,,,,,,,,,,,,,,,,,,,,,,,,,,,,,,,,,,,,1,5,,,,,,,,,,,,,,,,,,,,,
M.Evans,00-0031408,no,TB,WR,,,,,,,,,,,,,,,,,,,,,,1,1,0,,,,,,,,,,,,,,,,,,,,,,,,,,,,,,1,10,,,,,,,,6,7,1,,,,31,120,,,,,,
Q.Henderson,00-0034206,yes,NYG,N/A,,,,,,,,,,,,,,,,,,,,,,,,,,,,,,,,,,,,,,,,,,,,,,,,,,,,,,,,,,,,,1,5,,,,,,,,,,,,,,
K.Minter,00-0030382,no,TB,,1,,,,,,,,,,,,,1,,,,,,,,,,,,,,,,,,,,,,,,,,,,,,,,,,,,,,,,,,,,,,,,,,,,,,,,,,,,,,
B.Anger,00-0029692,no,TB,P,,,,,,,,,,,,,,,,,,,,,,,,,,,,,,,,,,,,,,,,,,,,,,,,,,,,,,,,,1,,44,,,,,,,,,,,,,,,,,
J.Pierre-Paul,00-0027867,no,TB,DE,3,,,,,,,,,2,1.5,-17,,4,1,9,1,,,,,,,,,,,,,,,,,,,,,,,,,,,,,,,,,,,,,,,,,,,,,,,,,,,,,,,,,,,
A.Adams,00-0032637,no,TB,DB,2,,,,,,,,,,,,,1,,,,,,,,,,,,,,,,,,,,,,,,,,,,,,,,,,,,,,,,1,10,,,,,,,,,,,,,,,,,,,,,
S.Pulley,00-0032911,yes,NYG,C,,,,,,,,,,,,,,,,,,,,,,,,,,,,,,,,,,,,,,,,,,,,,,,,,,,,,,1,5,,,,,,,,,,,,,,,,,,,,,
R.Dixon,00-0032943,yes,NYG,P,,,,,,,,,,,,,,,,,,,,,,,,,,,,,,,,,,,,,,,,,,,,,,,,,,,,,,,,1,4,1,166,,,,,,,,,,,,,,,,,
A.Humphries,00-0032009,no,TB,WR,,,,,,,,,,,,,,,,,,,,,,,,,,,,,,,,,,,,,,,,,,,,,,,,,,,,,,,,,,,,1,1,10,3,5,1,,,,42,60,,,,,,
K.Wynn,00-0030776,yes,NYG,DE,1,,,,,,,,,,,,,1,,,,,,,,,,,,,,,,,,,,,,,,,,,,,,,,,,,,,,,,,,,,,,,,,,,,,,,,,,,,,,
O.Howard,00-0033879,no,TB,TE,,,,,,,,,,,,,,2,,,,,,,,,,,,,,,,,,,,,,,,,,,,,,,,,,,,,,,,,,,,,,,,,5,6,,,,,29,78,,,,,,
B.Goodson,00-0033121,yes,NYG,LB,1,,,,,,,,,,,,,2,,,,,,,,,,,,,,,,,,,,,,,,,,,,,,,,,,,,,,,,,,,,,,,,,,,,,,,,,,,,,,
C.Lynch,00-0031815,no,TB,LB,,,,,,,,,,,,,,1,,,1,,,,,,,,,,,,,,,,,,,,,,,,,,,,,,,,,,,,,,,,,,,,,,,,,,,,,,,,,,,
S.Shepard,00-0032385,yes,NYG,WR,,,,,,,,,,,,,,,,,,,,,,,,,,,,,,,,,,,,,,,,,,,,,,,,,,,,,,,,,,,,,,,2,2,,,,,0,22,,,,,,
J.Elliott,00-0033070,no,TB,CB,,,,,,,,,,,,,,4,1,2,,,,,,,,,,,,,,,,,,,,,,,,,,,,,,,,,,,,,,,,,,,,,,,,,,,,,,,,,,,,
M.Edwards,00-0032265,yes,NYG,DE,,1,,,,,,,,2,,,,2,,,1,,,,,,,,,,,,,,,,,,,,,,,,,,,,,,,,,,,,,,,,,,,,,,,,,,,,,,,,,,,
O.Vernon,00-0029693,yes,NYG,LB,,,,,,,,,,,,,,,,,,,,,,,,,,,,,,,,,,,,,,,,,,,,,,,,,,,,,,3,25,,,,,,,,,,,,,,,,,,,,,
B.Allen,00-0031089,no,TB,DT,1,,,,,,,,,,,,,1,,,1,,,,,,,,,,,,,,,,,,,,,,,,,,,,,,,,,,,,,,,,,,,,,,,,,,,,,,,,,,,
A.Auclair,00-0033421,no,TB,TE,,,,,,,,,,,,,,,,,,,,,,,,,,,,,,,,,,,,,,,,,,,,,,,,,,,,,,1,10,,,,,,,,,,,,,,,,,,,,,
R.Shepard,00-0030147,yes,NYG,WR,2,,,,,,,,,,,,,1,,,,,,,,,,,,,,,,,,,,,,,,,,,,,,,,,,,,,,,,,,,,,,,,,,,,,,,,,,,,,,
B.Hill,00-0034800,yes,NYG,DT,1,,,,,,,,,1,,,,2,,,1,,,,,,,,,,,,,,,,,,,,,,,,,,,,,,,,,,,,,,,,,,,,,,,,,,,,,,,,,,,
D.Dotson,00-0026814,no,TB,OT,,,,,,,,,,,,,,,,,,,,,,,,,,,,,,,,,,,,,,,,,,,,,,,,,,,,,,1,10,,,,,,,,,,,,,,,,,,,,,
E.Engram,00-0033881,yes,NYG,TE,,,,,,,,,,,,,,,,,,,,,,,,,,,,,,,,,,,,,,,,,,,,,,,,,,,,,,,,,,,,,,,2,2,,,,,49,66,,,,,,
J.Winston,00-0031503,no,TB,QB,,,,,,,,,,,,,,,,,,1,,,,,,,1,,,,,,,,,,,,,,,,16,12,143,4,74,1,,,2,,,,199,,,,,,,,,,,,,,,,,,5,,,,,16
A.Cross,00-0032745,no,TB,TE,,,,,,,,,,,,,,2,,,,,,,,,,,,,,,,,,,,,,,,,,,,,,,,,,,,,,,,,,,,,,,,,,,,,,,,,,,,,,
A.Hamilton,00-0032933,yes,NYG,CB,,,,,,,,,,,,,,1,,,1,,,,,,,,,,,,,,,,,,,,,,,,,,,,,,,,,,,,,,,,,,,,,,,,,,,,,,,,,,,
C.Barwin,00-0027022,yes,NYG,LB,1,,,,,,,,,,,,,,,,,,,,,,,,,,,,,,,,,,,,,,,,,,,,,,,,,,,,,,,,,,,,,,,,,,,,,,,,,,,
L.Carter,00-0034360,yes,NYG,LB,,,,,,,,,,,,,,2,,,1,,,,,,,,,,,,,,,,,,,,,,,,,,,,,,,,,,,,,,,,,,,,,,,,,,,,,,,,,,,
W.Gholston,00-0030386,no,TB,DE,,,,,,,,,,,,,,1,,,,,,,,,,,,,,,,,,,,,,,,,,,,,,,,,,,,,,,,,,,,,,,,,,,,,,,,,,,,,,
G.Haley,00-0034502,yes,NYG,N/A,,,,,,,,,1,,,,,1,,,,,,,,,,,,,,,,,,,,,,,,,,,,,,,,,,,,,,,,,,,,,,,,,,,,,,,,,,,,,,
C.Wheeler,00-0033744,yes,NYG,OT,,,,,,,,,,,,,,,,,,,,,,,,,,,,,,,,,,,,,,,,,,,,,,,,,,,,,,1,15,,,,,,,,,,,,,,,,,,,,,
Dev.Harris,00-0032946,no,TB,,,,,,,,,,,,,,,1,,,,,,,,,,,,,,,,,,,,,,,,,,,,,,,,,,,,,,,,,,,,,,,,,,,,,,,,,,,,,,
D.Johnson,00-0034071,yes,WAS,DB,,,,,,,,,,,,,,1,,,1,,,,,,,,,,,,,,,,,,,,,,4,78,,,,,,,,,,,,,,,,,,,,,,,,,,,,,,,,,,,,
K.Fairbairn,00-0032726,no,HOU,K,,,,,,,,,,,,,,,,,,,,,,,,,,137,5,3,110,2,89,2,6,2,1,1,,382,,,,,,,,,,,,,,,,,,,,,,,,,,,,,,,,,,,,,,
A.Moore,00-0034594,no,HOU,DB,,,,,,,,,,,,,,1,,,,,,,,,,,,,,,,,,,,,,,,,,,,,,,,,,,,,,,,,,,,,,,,,,,,,,,,,,,,,,
A.Smith,00-0023436,yes,WAS,QB,,,,,,,,,,,,,,,,,,,,,,,,,,,,,,,,,,,,,,,,,27,12,81,15,198,2,3,-22,,,,,135,,,,,,,,,,,,,,,,,,4,,,,,33
J.Reed,00-0030472,yes,WAS,TE,,,,,,,,,,,,,,,,,,,,,,,,,,,,,,,,,,,,,,,,,,,,,,,,,,,,,,,,,,,,,,,7,11,1,,,,31,71,,,,,,
K.Jackson,00-0027872,no,HOU,DB,2,,,,,,,,1,1,1.0,-13,,8,1,13,,,,,,,,,,,,,,,,,,,,,,,,,,,,,,,,,,,,,,1,5,,,,,,,,,,,,,,,,,,,,,
B.McKinney,00-0031553,no,HOU,LB,3,1,,,,,,,,,,,,2,,,,,,,,,,,,,,,,,,,,,,,,,,,,,,,,,,,,,,,,,,,,,,,,,,,,,,,,,,,,,,
A.Peterson,00-0025394,yes,WAS,RB,,,,,,,,,,,,,,,,,,1,,,,,,,1,,,,,,,,,,,,,,,,,,,,,,,,,,,,,,,,,,,,,,,,,,,,,,16,2,,,,51
D.Carter,00-0031763,no,HOU,,,,,,,,,,,,,,,,,,,,,,,,,,,,,,,,,,,,,,,,1,18,,,,,,,,,,,,,,,,,,,,2,1,16,,,,,,,,,,,,,,
T.Way,00-0030140,yes,WAS,P,,,,,,,,,,,,,,,,,,,,,,,,,,,,,,,,,,,,,,,,,,,,,,,,,,,,,,,,2,5,,202,,,,,,,,,,,,,,,,,
L.Miller,00-0029615,no,HOU,RB,,,,,,,,,,,,,,,,,,,,,,,,,,,,,,,,,,,,,,,,,,,,,,,,,,,,,,,,,,,,,,,3,5,,,,,20,22,20,,,,,86
M.Ioannidis,00-0032781,yes,WAS,DT,1,,,,,,,,,,,,,2,,,1,,,,,,,,,,,,,,,,,,,,,,,,,,,,,,,,,,,,,,,,,,,,,,,,,,,,,,,,,,,
M.Foster,00-0028022,yes,WAS,LB,1,,1,,0,1,,4,1,,,,,9,,,4,,,,,,,,,,,,,,,,,,,,,,,,,,,,,,,,,,,,,,,,,,,,,,,,,,,,,,,,,,,
D.Watson,00-0033537,no,HOU,QB,,,,,,,,,,,,,,1,,,,1,,,,,,,1,,,,,,,,,,,,,,,,24,16,68,8,54,2,3,-27,1,,,,208,,,,,,,,,,,,,,,,,,3,,,,,7
H.Clinton-Dix,00-0031333,yes,WAS,DB,2,1,,,,,,,,,,,,11,,,1,,,,,,,,,,,,,,,,,,,,,,,,,,,,,,,,,,,,,,,,,,,,,,,,,,,,,,,,,,,
J.Akins,00-0034364,no,HOU,TE,,,,,,,,,,,,,,,,,,,,,,,,,,,,,,,,,,,,,,,,,,,,,,,,,,,,,,,,,,,,,,,2,2,,,,,36,42,,,,,,
D.Swearinger,00-0030566,yes,WAS,DB,,1,,,,,,,,,,,,2,,,1,,,,,,,,,,,,,,,,,,,,,,,,,,,,,,,,,,,,,,,,,,,,,,,,,,,,,,,,,,,
J.Allen,00-0033523,yes,WAS,DE,1,,,,,,,,,,,,,3,1,3,1,,,,,,,,,,,,,,,,,,,,,,,,,,,,,,,,,,,,,,,,,,,,,,,,,,,,,,,,,,,
F.Moreau,00-0033918,yes,WAS,CB,1,,,,,,,,,,,,,1,,,,,,,,,,,,,,,,,,,,,,,,,,,,,,,,,,,,,,,,,,,,,,,,,,,,,,,,,,,,,,
K.Coutee,00-0034366,no,HOU,WR,,,,,,,,,,,,,,,,,,,,,,,,,,,,,,,,,,,,,,,,,,,,,,,,,,,,,,,,,,,,,,,5,9,,,,,69,77,,,,,,
R.Anderson,00-0033525,yes,WAS,LB,4,,,,,,,,,,,,,,,,,,,,,,,,,,,,,,,,,,,,,,,,,,,,,,,,,,,,,,,,,,,,,,,,,,,,,,,,,,,
R.Kerrigan,00-0027954,yes,WAS,LB,1,,,,,,,,,2,2.0,-15,,2,1,9,,,,,,,,,,,,,,,,,,,,,,,,,,,,,,,,,,,,,,,,,,,,,,,,,,,,,,,,,,,,
D.Hopkins,00-0030564,no,HOU,WR,,,,,,,,,,,,,,,,,,1,1,,,,,,1,,,,,,,,,,,,,,,,,,,,,,,,,,,,,,,,,,,,,,5,6,1,,,,3,56,,,,,,
K.Bibbs,00-0031102,yes,WAS,RB,,,,,,,,,,,,,,,,,,,,,,,,,,,,,,,,,,,,,,,,,,,,,,,,,,,,,,1,9,,,,,,,,2,3,,,,,0,6,1,,,,,0
G.Howell,00-0034449,no,HOU,RB,,,,,,,,,,,,,,1,,,,,,,,,,,,,,,,,,,,,,,,,,,,,,,,,,,,,,,,,,,,,,,,,,,,,,,,,,,,,,
D.Reader,00-0032424,no,HOU,NT,,,,,,,,,,,,,,2,,,,,,,,,,,,,,,,,,,,,,,,,,,,,,,,,,,,,,,,,,,,,,,,,,,,,,,,,,,,,,
J.Joseph,00-0024239,no,HOU,DB,,,,,,,,,1,,,,,5,,,1,,,,,,,,,,,,,,,,,,,,,,,,,,,,,,,,,,,,,,,,,,,,,,,,,,,,,,,,,,,
M.Floyd,00-0029638,yes,WAS,WR,,,,,,,,,,,,,,,,,,,,,,,,,,,,,,,,,,,,,,,,,,,,,,,,,,,,,,,,,,,,,,,1,3,,,,,5,18,,,,,,
J.Watt,00-0027949,no,HOU,DE,1,,,,,,,,,1,1.0,-4,,3,1,4,,,,,,,,,,,,,,,,,,,,,,,,,,,,,,,,,,,,,,1,5,,,,,,,,,,,,,,,,,,,,,
B.Dunn,00-0031127,no,HOU,DT,2,,,,,,,,,,,,,,,,,,,,,,,,,,,,,,,,,,,,,,,,,,,,,,,,,,,,,,,,,,,,,,,,,,,,,,,,,,,
A.Blackson,00-0032107,no,HOU,DE,1,,,,,,,,,,,,,,,,,,,,,,,,,,,,,,,,,,,,,,,,,,,,,,,,,,,,,,,,,,,,,,,,,,,,,,,,,,,
V.Davis,00-0024221,yes,WAS,TE,,,,,,,,,,,,,,,,,,,,,,,,,,,,,,,,,,,,,,,,,,,,,,,,,,,,,,,,,,,,,,,,2,,,,,,,,,,,,
A.Hal,00-0031087,no,HOU,,,,,,,,,,1,,,,,,,,,,,,,,,,,,,,,,,,,,,,,,,,,,,,,,,,,,,,,,,,,,,,,,,,,,,,,,,,,,,
N.Sundberg,00-0026714,yes,WAS,LS,,,,,,,,,,,,,,1,,,1,,,,,,,,,,,,,,,,,,,,,,,,,,,,,,,,,,,,,,,,,,,,,,,,,,,,,,,,,,,
Z.Vigil,00-0031728,yes,WAS,LB,1,,,,,,,,,,,,,,,,,,,,,,,,,,,,,,,,,,,,,,,,,,,,,,,,,,,,,,,,,,,,,,,,,,,,,,,,,,,
T.Settle,00-0034397,yes,WAS,DT,,,,,,,,,,,,,,,,,,,,,,,,,,,,,,,,,,,,,,,,,,,,,,,,,,,,,,1,5,,,,,,,,,,,,,,,,,,,,,
J.Norman,00-0029285,yes,WAS,DB,2,,,,,,,,,,,,,,,,,,,,,,,,,,,,,,,,,,,,,,,,,,,,,,,,,,,,,2,10,,,,,,,,,,,,,,,,,,,,,
A.Blue,00-0031075,no,HOU,RB,,,,,,,,,,,,,,,,,,,,,,,,,,,,,,,,,,,,,,,,,,,,,,,,,,,,,,,,,,,,,,,,,,,,,,,8,,,,,46
B.Marshall,00-0032964,yes,WAS,RB,,,,,,,,,,,,,,,,,,,,,,,,,,,,,,,,,,,,,,,,,,,,,,,,,,,,,,,,,,,,,,,,1,,,,,,,2,,,,,5
B.Peters,00-0031491,no,HOU,LB,2,,,,,,,,,,,,,1,,,,,,,,,,,,,,,,,,,,,,,,,,,,,,,,,,,,,,,,,,,,,,,,,,,,,,,,,,,,,,
T.Mathieu,00-0030459,no,HOU,DB,1,,,,,,,,,1,1.0,-7,,8,1,7,,,,,,,,,,,,,,,,,,,,,,,,,,,,,,,,,,,,,,1,5,,,,,,,,,,,,,,,,,,,,,
M.Harris,00-0032362,yes,WAS,WR,,,,,,,,,,,,,,,,,,,,,,,,,,,,,,,,,,,,,,,,,,,,,,,,,,,,,,,,,,,,,,,1,4,,,,,7,13,,,,,,
B.Scarlett,00-0032734,no,HOU,LB,1,,,,,1,,8,2,1,,,,2,,,,,,,,,,,,,,,,,,,,,,,,,,,,,,,,,,,,,,,,,,,,,,,,,,,,,,,,,,,,,,
J.Clowney,00-0031364,no,HOU,LB,,,,,,,,,,1,1.0,-9,,4,2,9,2,,,,,,,,,,,,,,,,,,,,,,,,,,,,,,,,,,,,,1,5,,,,,,,,,,,,,,,,,,,,,
T.Quinn,00-0034339,yes,WAS,WR,,,,,,,,,,,,,,,,,,,,,,,,,,,,,,,,,,,,,,,,,,,,,,,,,,,,,,,,,,,,,,,4,4,,,,,16,49,1,,,,,0
J.Reid,00-0034361,no,HOU,DB,1,,,,,1,1,101,2,,,,1,3,,,1,,,,,,,,,,,,,,,,,,,,,,,,,,,,,,,,,,,,,,,,,,,,,,,,,,,,,,,,,,,
D.Hopkins,00-0030098,yes,WAS,K,,,,,,,,,,,,,,,,,,,,,,,,,,222,1,,,1,63,,4,3,3,3,,251,,,,,,,,,,,,,,,,,,,,,,,,,,,,,,,,,,,,,,
Z.Brown,00-0029566,yes,WAS,LB,3,,,,,,,,,,,,,3,,,,,,,,,,,,,,,,,,,,,,,,,,,,,,,,,,,,,,,,,,,,,,,,,,,,,,,,,,,,,,
J.Davenport,00-0033560,no,HOU,OT,,,,,,,,,,,,,,,,,,,,,,1,,0,,,,,,,,,,,,,,,,,,,,,,,,,,,,,,1,10,,,,,,,,,,,,,,,,,,,,,
M.Rankin,00-0034824,no,HOU,OT,,,,,,,,,,,,,,1,,,,,,,,,,,,,,,,,,,,,,,,,,,,,,,,,,,,,,,,,,,,,,,,,,,,,,,,,,,,,,
P.Smith,00-0031935,yes,WAS,LB,2,,,,,1,,3,1,2,1.0,-12,,2,1,12,,,,,,,,,,,,,,,,,,,,,,,,,,,,,,,,,,,,,,1,14,,,,,,,,,,,,,,,,,,,,,
J.Harvey-Clemons,00-0033532,yes,WAS,LB,,,,,,,,,1,,,,,,,,,,,,,,,,,,,,,,,,,,,,,,,,,,,,,,,,,,,,,,,,,,,,,,,,,,,,,,,,,,,
T.Daniel,00-0034626,no,HOU,P,,,,,,,,,,,,,,,,,,,,,,,,,,,,,,,,,,,,,,,,,,,,,,,,,,,,,,,,,1,,30,,,,,,,,,,,,,,,,,
T.Bergstrom,00-0029699,yes,WAS,C,,,,,,,,,,,,,,,,,,,,,,1,,0,,,,,,,,,,,,,,,,,,,,,,,,,,,,,,,,,,,,,,,,,,,,,,,,,,,,
T.Nsekhe,00-0029709,yes,WAS,OT,,,,,,,,,,,,,,,,,,,,,,,,,,,,,,,,,,,,,,,,,,,,,,,,,,,,,,1,5,,,,,,,,,,,,,,,,,,,,,
J.Sprinkle,00-0033528,yes,WAS,TE,,,,,,,,,,,,,,,,,,,,,,,,,,,,,,,,,,,,,,,,,,,,,,,,,,,,,,,,,,,,,,,,1,,,,,,,,,,,,
W.Mercilus,00-0029643,no,HOU,LB,1,,,,,,,,,1,1.0,-2,,2,1,2,,,,,,,,,,,,,,,,,,,,,,,,,,,,,,,,,,,,,,1,5,,,,,,,,,,,,,,,,,,,,,
C.Covington,00-0031619,no,HOU,DE,,,,,,,,,,1,,,,,,,,,,,,,,,,,,,,,,,,,,,,,,,,,,,,,,,,,,,,,,,,,,,,,,,,,,,,,,,,,,
J.Bademosi,00-0029065,no,HOU,DB,,,,,,,,,,,,,,1,,,,,,,,,,,,,,,,,,,,,,,,,,,,,,,,,,,,,,,,,,,,,,,,,,,,,,,,,,,,,,
J.Doctson,00-0032760,yes,WAS,WR,,,,,,,,,,,,,,1,,,,,,,,,,,,,,,,,,,,,,,,,,,,,,,,,,,,,,,,,,,,,,,,,3,7,,,,,13,32,,,,,,
D.Payne,00-0034333,yes,WAS,DT,5,,,,,,,,,,,,,3,,,1,,,,,,,,,,,,,,,,,,,,,,,,,,,,,,,,,,,,,,,,,,,,,,,,,,,,,,,,,,,
G.Stroman,00-0034337,yes,WAS,DB,3,,,,,,,,,,,,,,,,,,,,,,,,,,,,,,,,,,,,,,,,,,,,,,,,,,,,,,,,,,,,,,,,,,,,,,,,,,,
S.Wright,00-0028027,no,HOU,DB,1,,,,,,,,1,,,,,3,,,,,,,,,,,,,,,,,,,,,,,,,,,,,,,,,,,,,,,,,,,,,,,,,,,,,,,,,,,,,,
C.McCoy,00-0027688,yes,WAS,QB,,,,,,,,,,,,,,,,,,,,,,,,,,,,,,,,,,,,,,,,,12,6,36,6,99,,2,-13,1,,,,54,,,,,,,,,,,,,,,,,,5,,,,,35
S.McGee,00-0030515,yes,WAS,DT,,,,,,,,,,,,,,1,,,1,,,,,,,,,,,,,,,,,,,,,,,,,,,,,,,,,,,,,,,,,,,,,,,,,,,,,,,,,,,
N.Jamerson,00-0034398,no,HOU,DB,,,,,,,,,,,,,,1,,,,,,,,,,,,,,,,,,,,,,,,,,,,,,,,,,,,,,,,,,,,,,,,,,,,,,,,,,,,,,
D.Everett,00-0031844,yes,WAS,DB,1,,,,,,,,,,,,,,,,,,,,,,,,,,,,,,,,,,,,,,,,,,,,,,,,,,,,,,,,,,,,,,,,,,,,,,,,,,,
J.Thomas,00-0034420,no,HOU,TE,,,,,,,,,,,,,,,,,,,,,,,,,,,,,,,,,,,,,,,,,,,,,,,,,,,,,,,,,,,,,,,1,1,,,,,12,11,,,,,,
De.Thomas,00-0027874,no,HOU,WR,,,,,,,,,,,,,,,,,,,,,,,,,,,,,,,,,,,,,,,,,,,,,,,,,,,,,,,,,,,,,,,,1,,,,,,,,,,,,
D.Carlson,00-0034161,no,OAK,N/A,,,,,,,,,,,,,,,,,,,,,,,,,,289,3,3,105,,,,5,4,2,2,,321,,,,,,,,,,,,,,,,,,,,,,,,,,,,,,,,,,,,,,
M.Lee,00-0033956,no,OAK,LB,2,,,,,,,,,,,,,2,,,,,,,,,,,,,,,,,,,,,,,,,,,,,,,,,,,,,,,,1,5,,,,,,,,,,,,,,,,,,,,,
K.Joseph,00-0032888,no,OAK,DB,2,,,,,1,,5,1,,,,,3,,,,,,,,,,,,,,,,,,,,,,,,,,,,,,,,,,,,,,,,,,,,,,,,,,,,,,,,,,,,,,
D.Johnson,00-0032187,yes,ARI,RB,,,,,,,,,,,,,,,,,,,,,,,,,,,,,,,,,,,,,,,,,,,,,,,,,,,,,,,,,,,,,,,1,3,,,,,20,17,25,,,,,137
L.Fitzgerald,00-0022921,yes,ARI,WR,,,,,,,,,,,,,,,,,,,,,,,,,,,,,,,,,,,,,,,,,,,,,,,,,,,,,,,,,,,,,,,2,4,2,,,,1,23,,,,,,
M.Iupati,00-0027869,yes,ARI,OG,,,,,,,,,,,,,,1,,,,,,,,,,,,,,,,,,,,,,,,,,,,,,,,,,,,,,,,1,5,,,,,,,,,,,,,,,,,,,,,
G.Conley,00-0033882,no,OAK,CB,,,,,,1,,28,1,,,,,1,,,,,,,,,,,,,,,,,,,,,,,,,,,,,,,,,,,,,,,,,,,,,,,,,,,,,,,,,,,,,,
J.Rosen,00-0034343,yes,ARI,QB,,,,,,,,,,,,,,,,,,,,1,,1,,-5,1,,,,,,,,,,,,,,,,20,9,35,11,102,2,1,-8,3,,,,136,,,,,,,,,,,,,,,,,,1,,,,,0
D.Martin,00-0029613,no,OAK,RB,,,,,,,,,,,,,,,,,,,,,,,,,,,,,,,,,,,,,,,,,,,,,,,,,,,,,,,,,,,,,,,1,1,,,,,2,6,10,,,,,52
B.Benwikere,00-0031262,yes,ARI,DB,2,,,,,,,,1,,,,,6,,,,,,,,,,,,,,,,,,,,,,,,,,,,,,,,,,,,,,,,1,12,,,,,,,,,,,,,,,,,,,,,
T.Boston,00-0031261,yes,ARI,DB,2,,,,,,,,,1,,,,5,,,,,,,,,,,,,,,,,,,,,,,,,,,,,,,,,,,,,,,,,,,,,,,,,,,,,,,,,,,,,,
J.Cook,00-0027061,no,OAK,TE,,,,,,,,,,,,,,,,,,,,,,,,,,,,,,,,,,,,,,,,,,,,,,,,,,,,,,,,,,,,,,,3,6,1,,,,1,31,,,,,,
D.Carr,00-0031280,no,OAK,QB,,,,,,,,,,,,,,,,,,,,,,,,,,,,,,,,,,,,,,,,,31,19,93,12,142,,4,-19,2,,,,192,,,,,,,,,,,,,,,,,,,,,,,
R.Nelson,00-0025408,no,OAK,DB,,,,,,,,,,,,,,1,,,,,,,,,,,,,,,,,,,,,,,,,,,,,,,,,,,,,,,,,,,,,,,,,,,,,,,,,,,,,,
T.Logan,00-0033789,yes,ARI,RB,,,,,,,,,,,,,,,,,,,,,,,,,,,,,,,,,,,,,,,1,32,,,,,,,,,,,,,,,,,,,,,,,,,,,,,,,,,,,,
L.Hall,00-0025405,no,OAK,DB,1,,,,,,,,,,,,,1,,,,,,,,,,,,,,,,,,,,,,,,,,,,,,,,,,,,,,,,,,,,,,,,,,,,,,,,,,,,,,
T.Whitehead,00-0029212,no,OAK,LB,2,,,,,,,,,,,,,6,1,2,,,,,,,,,,,,,,,,,,,,,,,,,,,,,,,,,,,,,,,,,,,,,,,,,,,,,,,,,,,,
N.Morrow,00-0033445,no,OAK,LB,2,,,,,,,,,,,,,1,1,2,,,,,,,,,,,,,,,,,,,,,,,,,,,,,,,,,,,,,,,,,,,,,,,,,,,,,,,,,,,,
J.Gresham,00-0027873,yes,ARI,TE,,,,,,,,,,,,,,,,,,,,,,,,,,,,,,,,,,,,,,,,,,,,,,,,,,,,,,2,25,,,,,,,,1,2,,,,,8,8,,,,,,
C.Edmonds,00-0034681,yes,ARI,RB,,,,,,,,,,,,,,2,,,,,,,,,,,,,,,,,,,,,,,,,,,,,,,,,,,,,,,,,,,,,,,,,,,,,,,,,5,,,,,17
C.McDonald,00-0026964,no,OAK,DT,1,,,,,,,,,,,,,,,,,,,,,,,,,,,,,,,,,,,,,,,,,,,,,,,,,,,,,,,,,,,,,,,,,,,,,,,,,,,
D.Worley,00-0032891,no,OAK,CB,,,,,,,,,,,,,,2,1,1,,,,,,,,,,,,,,,,,,,,,,,,,,,,,,,,,,,,,,,,,,,,,,,,,,,,,,,,,,,,
F.Rucker,00-0024306,no,OAK,DT,1,,,,,,,,,,,,,2,,,1,,,,,,,,,,,,,,,,,,,,,,,,,,,,,,,,,,,,,,,,,,,,,,,,,,,,,,,,,,,
M.McCrane,00-0034479,yes,ARI,K,,,,,,,,,,,,,,,,,,,,,,,,,,144,,,,,,,4,2,3,3,,258,,,,,,,,,,,,,,,,,,,,,,,,,,,,,,,,,,,,,,
D.Coleman,00-0029068,yes,ARI,RB,,,,,,,,,,,,,,2,,,,,,,,,,,,,,,,,,,,,,,,,,,,,,,,,,,,,,,,,,,,,,,,,,,,,,,,,,,,,,
D.Harris,00-0028114,no,OAK,WR,,,,,,,,,,,,,,,,,,,,,,,,,,,,,,,,,,,,,,,2,53,,,,,,,,,,,,,,,,,,,,,2,28,,,,,,,,,,,,,,
B.LaFell,00-0027681,no,OAK,WR,,,,,,,,,,,,,,,,,,,,,,,,,,,,,,,,,,,,,,,,,,,,,,,,,,,,,,,,,,,,,,,2,3,1,,,,0,29,,,,,,
P.Peterson,00-0027943,yes,ARI,DB,,,,,,,,,1,,,,,2,,,,,,,,,,,,,,,,,,,,,,,,,,,,,,,,,,,,,,,,,,,,,,,,,,,,,,,,,,,,,,
C.Peters,00-0027686,yes,ARI,DT,2,,,,,,,,,,,,,6,1,,1,,,,,,,,,,,,,,,,,,,,,,,,,,,,,,,,,,,,,,,,,,,,,,,,,,,,,,,,,,,
C.Jones,00-0029585,yes,ARI,DE,,,,,,,,,,2,2.0,-8,,3,1,8,,,,,,,,,,,,,,,,,,,,,,,,,,,,,,,,,,,,,,,,,,,,,,,,,,,,,,,,,,,,
J.Townsend,00-0034684,no,OAK,P,,,,,,,,,,,,,,,,,,,,,,,,,,,,,,,,,,,,,,,,,,,,,,,,,,,,,,,,1,8,2,361,,,,,,,,,,,,,,,,,
C.Kirk,00-0034775,yes,ARI,WR,,,,,,,,,,,,,,,,,,,,,,,,,,,,,,,,,,,,,,,,,,,,,,,,,,,,,,,,,,,,2,4,38,3,4,1,,,,64,77,,,,,,
A.Lee,00-0022824,yes,ARI,P,,,,,,,,,,,,,,,,,,,,,,,,,,,,,,,,,,,,,,,,,,,,,,,,,,,,,,,,2,8,1,418,,,,,,,,,,,,,,,,,
J.Bynes,00-0028278,yes,ARI,LB,2,,,,,,,,1,,,,,6,1,1,,,,,,,,,,,,,,,,,,,,,,,,,,,,,,,,,,,,,,,,,,,,,,,,,,,,,,,,,,,,
R.Gunter,00-0032131,yes,ARI,DT,2,,,,,,,,,,,,,5,1,,1,,,,,,,,,,,,,,,,,,,,,,,,,,,,,,,,,,,,,,,,,,,,,,,,,,,,,,,,,,,
N.Nelson,00-0034767,no,OAK,CB,1,,,,,,,,,,,,,,,,,,,,,,,,,,,,,,,,,,,,,,,,,,,,,,,,,,,,,,,,,,,,,,,,,,,,,,,,,,,
D.Carrier,00-0029119,no,OAK,TE,1,,,,,,,,,,,,,,,,,,,,,,,,,,,,,,,,,,,,,,,,,,,,,,,,,,,,,,,,,,,,,,,,,,,,,,,,,,,
M.Hurst,00-0034746,no,OAK,DT,,,,,,,,,,1,1.0,-8,,5,1,8,,,,,,,,,,,,,,,,,,,,,,,,,,,,,,,,,,,,,,,,,,,,,,,,,,,,,,,,,,,,
R.Melvin,00-0029901,no,OAK,DB,,,,,,,,,1,,,,,3,,,,,,,,,,,,,,,,,,,,,,,,,,,,,,,,,,,,,,,,,,,,,,,,,,,,,,,,,,,,,,
S.Roberts,00-0031166,no,OAK,WR,,,,,,,,,,,,,,,,,,,,,,,,,,,,,,,,,,,,,,,,,,,,,,,,,,,,,,,,,,,,,,,4,7,,,,,41,38,,,,,,
M.Golden,00-0032127,yes,ARI,DE,,,,,,,,,,,,,,5,,,,,,,,,,,,,,,,,,,,,,,,,,,,,,,,,,,,,,,,,,,,,,,,,,,,,,,,,,,,,,
J.Richard,00-0033025,no,OAK,RB,,,,,,,,,,,,,,,,,,,,1,,1,,0,1,,,,,,,,,,,,,,,,,,,,,,,,,,,,,,,,,,,1,2,3,3,4,,,,,37,32,11,,,,,61
Z.Moore,00-0031081,yes,ARI,DE,,,,,,,,,,2,1.0,-7,,1,1,7,,,,,,,,,,,,,,,,,,,,,,,,,,,,,,,,,,,,,,,,,,,,,,,,,,,,,,,,,,,,
A.Bethea,00-0024421,yes,ARI,DB,2,,,,,,,,,1,1.0,-4,,6,2,4,2,,,,,,,,,,,,,,,,,,,,,,,,,,,,,,,,,,,,,,,,,,,,,,,,,,,,,,,,,,,
K.Wilber,00-0029647,no,OAK,LB,1,,,,,,,,,,,,,,,,,,,,,,,,,,,,,,,,,,,,,,,,,,,,,,,,,,,,,,,,,,,,,,,,,,,,,,,,,,,
J.Hankins,00-0030063,no,OAK,DT,2,,,,,,,,,,,,,,,,,,,,,,,,,,,,,,,,,,,,,,,,,,,,,,,,,,,,,,,,,,,,,,,,,,,,,,,,,,,
T.Sherfield,00-0034487,yes,ARI,WR,,,,,,,,,,,,,,,,,,,,,,,,,,,,,,,,,,,,,,,,,,,,,,,,,,,,,,,,,,,,,,,1,2,,,,,0,6,,,,,,
D.Bucannon,00-0031366,yes,ARI,LB,1,,,,,,,,,,,,,,,,,,,,,,,,,,,,,,,,,,,,,,,,,,,,,,,,,,,,,,,,,,,,,,,,,,,,,,,,,,,
D.Washington,00-0032940,no,OAK,RB,,,,,,,,,,,,,,,,,,,,,,,,,,,,,,,,,,,,,,,,,,,,,,,,,,,,,,,,,,,,,,,,,,,,,,,12,,,,,39
O.Aboushi,00-0030083,yes,ARI,,,,,,,,,,,,,,,,,,,,,,,,,,,,,,,,,,,,,,,,,,,,,,,,,,,,,,,1,5,,,,,,,,,,,,,,,,,,,,,
P.Hall,00-0034262,no,OAK,NT,,,,,,,,,,,,,,2,,,,,,,,,,,,,,,,,,,,,,,,,,,,,,,,,,,,,,,,,,,,,,,,,,,,,,,,,,,,,,
G.Hodges,00-0030385,yes,ARI,LB,,,,,,,,,,,,,,1,,,,,,,,,,,,,,,,,,,,,,,,,,,,,,,,,,,,,,,,,,,,,,,,,,,,,,,,,,,,,,
R.Seals-Jones,00-0033611,yes,ARI,TE,,,,,,,,,,,,,,,,,,,,,,,,,,,,,,,,,,,,,,,,,,,,,,,,,,,,,,1,10,,,,,,,,1,3,,,,,8,5,,,,,,
E.Turner,00-0034490,yes,ARI,LB,,,,,,,,,,,,,,2,,,,,,,,,,,,,,,,,,,,,,,,,,,,,,,,,,,,,,,,,,,,,,,,,,,,,,,,,,,,,,
H.Reddick,00-0033875,yes,ARI,LB,3,,,,,,,,,,,,,,,,,,,,,,,,,,,,,,,,,,,,,,,,,,,,,,,,,,,,,,,,,,,,,,,,,,,,,,,,,,,
J.Taylor,00-0030484,yes,ARI,DB,2,,,,,,,,,,,,,,,,,,,,,,,,,,,,,,,,,,,,,,,,,,,,,,,,,,,,,,,,,,,,,,,,,,,,,,,,,,,
M.Ateman,00-0034747,no,OAK,N/A,,,,,,,,,,,,,,,,,,,,,,,,,,,,,,,,,,,,,,,,,,,,,,,,,,,,,,,,,,,,,,,4,5,,,,,16,50,,,,,,
O.Pierre,00-0031914,yes,ARI,DT,,,,,,,,,,1,,,,1,,,,,,,,,,,,,,,,,,,,,,,,,,,,,,,,,,,,,,,,,,,,,,,,,,,,,,,,,,,,,,
J.Smith,00-0029112,no,OAK,,,,,,,,,,,,,,,1,1,5,,,,,,,,,,,,,,,,,,,,,,,,,,,,,,,,,,,,,,,,,,,,,,,,,,,,,,,,,,,,
M.Cole,00-0034785,yes,ARI,C,,,,,,,,,,,,,,,,,,,,,,,,,,,,,,,,,,,,,,,,,,,,,,,,,,,,,,1,5,,,,,,,,,,,,,,,,,,,,,
M.Gilchrist,00-0027988,no,OAK,DB,,,,,,,,,1,,,,,1,,,,,,,,,,,,,,,,,,,,,,,,,,,,,,,,,,,,,,,,,,,,,,,,,,,,,,,,,,,,,,
L.Smith,00-0028097,no,OAK,TE,,,,,,,,,,,,,,,,,,,,,,,,,,,,,,,,,,,,,,,,,,,,,,,,,,,,,,,,,,,,,,,2,2,,,,,2,6,,,,,,
D.Sharpe,00-0033946,no,OAK,OT,,,,,,,,,,,,,,,,,,,,,,,,,,,,,,,,,,,,,,,,,,,,,,,,,,,,,,1,5,,,,,,,,,,,,,,,,,,,,,
J.Cabinda,00-0034171,no,OAK,N/A,1,,,,,,,,,,,,,1,,,,,,,,,,,,,,,,,,,,,,,,,,,,,,,,,,,,,,,,,,,,,,,,,,,,,,,,,,,,,,
J.Nelson,00-0032112,yes,ARI,WR,,,,,,,,,,,,,,,,,,,,,,,,,,,,,,,,,,,,,,,,,,,,,,,,,,,,,,,,,,,,,,,,1,,,,,,,,,,,,
L.Johnson,00-0029087,yes,ARI,,,,,,,,,,,,,,,1,,,,,,,,,,,,,,,,,,,,,,,,,,,,,,,,,,,,,,,,,,,,,,,,,,,,,,,,,,,,,,
K.Osemele,00-0029259,no,OAK,OT,,,,,,,,,,,,,,,,,,,,,,,,,,,,,,,,,,,,,,,,,,,,,,,,,,,,,,1,5,,,,,,,,,,,,,,,,,,,,,
E.Harris,00-0032320,no,OAK,DB,,,,,,,,,,,,,,1,,,,,,,,,,,,,,,,,,,,,,,,,,,,,,,,,,,,,,,,,,,,,,,,,,,,,,,,,,,,,,
M.Badgley,00-0034084,yes,LAC,N/A,,,,,,,,,,,,,,,,,,,,,,,,,,139,3,3,121,,,2,6,2,2,1,1,371,,,,,,,,,,,,,,,,,,,,,,,,,,,,,,,,,,,,,,
C.Sutton,00-0034348,no,DEN,WR,,,,,,,,,,,,,,,,,,,,,,,,,,,,,,,,,,,,,,,,,,,,,,,,,,,,,,,,,,,,,,,3,6,,,,,43,78,,,,,,
C.Keenum,00-0028986,no,DEN,QB,,,,,,,,,,,,,,,,,,,,,,,,,,,,,,,,,,,,,,,,,32,19,67,13,92,,,,,,,,205,,,,,,,,,,,,,,,,,,,,1,,1,
C.Liuget,00-0027956,yes,LAC,DT,,,,,,,,,,,,,,,,,,,,,,,,,,,,,,,,,,,,,,,,,,,,,,,,,,,,,,1,5,,,,,,,,,,,,,,,,,,,,,
E.Sanders,00-0027685,no,DEN,WR,,,,,,,,,,,,,,,,,,,,,,,,,,,,,,,,,,,,,,,,,,,,,,,,,,,,,,,,,,,,,,,4,6,,,,,34,56,1,,,,,6
D.Hamilton,00-0034370,no,DEN,WR,,,,,,,,,,,,,,,,,,,,,,,,,,,,,,,,,,,,,,,,,,,,,,,,,,,,,,,,,,,,,,,1,2,,,,,0,4,,,,,,
M.Davis,00-0033697,yes,LAC,CB,,,,,,,,,1,,,,,2,,,,,,,,,,,,,,,,,,,,,,,,,,,,,,,,,,,,,,,,,,,,,,,,,,,,,,,,,,,,,,
C.Wadman,00-0034064,no,DEN,N/A,,,,,,,,,,,,,,,,,,,,,,,,,,,,,,,,,,,,,,,,,1,1,-1,,,,,,,,,,12,,,2,5,1,224,,,,,,,,,,,,,,,,,
B.Chubb,00-0034832,no,DEN,LB,3,,,,,,,,,2,1.0,-9,,4,2,13,,,,,,,,,,,,,,,,,,,,,,,,,,,,,,,,,,,,,,1,5,,,,,,,,,,,,,,,,,,,,,
A.Gotsis,00-0033064,no,DEN,DE,2,,,,,,,,,1,1.0,-5,,2,1,5,,,,,,,,,,,,,,,,,,,,,,,,,,,,,,,,,,,,,,,,,,,,,,,,,,,,,,,,,,,,
K.Allen,00-0030279,yes,LAC,WR,,,,,,,,,,,,,,,,,,,,,,,,,,,,,,,,,,,,,,,,,,,,,,,,,,,,,,1,15,,,,,,,,9,12,1,,,,30,89,1,,,,,1
P.Rivers,00-0022942,yes,LAC,QB,,,,,,,,,,,,,,,,,,,,,,,,,,,,,,,,,,,,,,,,,43,28,179,15,154,2,3,-17,2,,,,401,,,,,,,,,,,,,,,,,,1,,,,,-4
S.Cravens,00-0032767,no,DEN,DB,2,,,,,,,,,,,,,2,,,,,,,,,,,,,,,,,,,,,,,,,,,,,,,,,,,,,,,,,,,,,,,,,,,,,,,,,,,,,,
Ty.Williams,00-0032160,yes,LAC,WR,,,,,,,,,,,,,,1,,,,,,,,,,,,,,,,,,,,,,,,,,,,,,,,,,,,,,,,,,,,,,,,,2,6,,,,,1,22,,,,,,
D.Stewart,00-0027256,no,DEN,DB,1,,,,,,,,1,,,,,9,,,,,,,,,,,,,,,,,,,,,,,,,,,,,,,,,,,,,,,,,,,,,,,,,,,,,,,,,,,,,,
Z.Kerr,00-0031105,no,DEN,DE,,,,,,,,,,,,,,3,1,,2,,,,,,,,,,,,,,,,,,,,,,,,,,,,,,,,,,,,,,,,,,,,,,,,,,,,,,,,,,,
T.Davis,00-0031427,no,DEN,LB,2,,,,,,,,2,1,,,,3,,,,,,,,,,,,,,,,,,,,,,,,,,,,,,,,,,,,,,,,,,,,,,,,,,,,,,,,,,,,,,
M.Gordon,00-0032144,yes,LAC,RB,,,,,,,,,,,,,,,,,,,,,,,,,,,,,,,,,,,,,,,,,,,,,,,,,,,,,,,,,,,,,,,6,6,,,,,93,87,18,,,,,69
S.Barrett,00-0031101,no,DEN,LB,2,,,,,,,,,,,,,1,,,,,,,,,,,,,,,,,,,,,,,,,,,,,,,,,,,,,,,,,,,,,,,,,,,,,,,,,,,,,,
V.Green,00-0028142,yes,LAC,TE,,,,,,,,,,,,,,,,,,,,,,,,,,,,,,,,,,,,,,,,,,,,,,,,,,,,,,1,5,,,,,,,,2,4,,,,,9,27,,,,,,
J.Simmons,00-0032971,no,DEN,DB,5,,,,,,,,1,,,,,5,,,1,,,,,,,,,,,,,,,,,,,,,,,,,,,,,,,,,,,,,1,6,,,,,,,,,,,,,,,,,,,,,
A.Gates,00-0021547,yes,LAC,TE,,,,,,,,,,,,,,,,,,,,,,,,,,,,,,,,,,,,,,,,,,,,,,,,,,,,,,,,,,,,,,,5,7,1,,,,33,80,,,,,,
M.Pouncey,00-0027953,yes,LAC,C,,,,,,,,,,,,,,,,,,,,,,,,,,,,,,,,,,,,,,,,,,,,,,,,,,,,,,2,15,,,,,,,,,,,,,,,,,,,,,
T.Benjamin,00-0029269,yes,LAC,WR,,,,,,,,,,,,,,1,,,,,,,,,,,,,,,,,,,,,,,,,,,,,,,,,,,,,,,,,,,,,,2,1,2,,3,,,,,,,,,,,,
S.Harris,00-0031270,no,DEN,DE,,,,,,,,,,,,,,3,,,1,,,,,,,,,,,,,,,,,,,,,,,,,,,,,,,,,,,,,,,,,,,,,,,,,,,,,,,,,,,
A.Ekeler,00-0033699,yes,LAC,RB,,,,,,,,,,,,,,,,,,,,,,,,,,,,,,,,,,,,,,,,,,,,,,,,,,,,,,,,,,,,,,,2,2,,,,,45,40,6,,,,,29
R.Jenkins,00-0033941,yes,LAC,DB,1,,,,,,,,,,,,,2,,,,,,,,,,,,,,,,,,,,,,,,,,,,,,,,,,,,,,,,,,,,,,,,,,,,,,,,,,,,,,
A.Janovich,00-0032956,no,DEN,FB,,,,,,,,,,,,,,,,,,,,,,,,,,,,,,,,,,,,,,,,,,,,,,,,,,,,,,1,7,,,,,,,,1,2,,,,,13,12,,,,,,
A.Jones,00-0023441,no,DEN,DB,,,,,,,,,,,,,,,,,,,,,,,,,,,,,,,,,,,,,,,1,16,,,,,,,,,,,,,,,,,,,,1,,,,,,,,,,,,,,,,
D.James,00-0034790,yes,LAC,DB,,,,,,,,,,,,,,7,,,,,,,,,,,,,,,,,,,,,,,,,,,,,,,,,,,,,,,,1,15,,,,,,,,,,,,,,,,,,,,,
J.Brown,00-0032895,yes,LAC,OLB,1,,,,,,,,1,,,,,7,,,,,,,,,,,,,,,,,,,,,,,,,,,,,,,,,,,,,,,,,,,,,,,,,,,,,,,,,,,,,,
P.Lindsay,00-0034109,no,DEN,RB,,,,,,,,,,,,,,,,,,,,,,,,,,,,,,,,,,,,,,,,,,,,,,,,,,,,,,,,,,,,,,,4,5,,,,,41,27,11,2,,,,79
M.LaCosse,00-0031744,no,DEN,TE,,,,,,,,,,,,,,,,,,,,,,,,,,,,,,,,,,,,,,,1,10,,,,,,,,,,,,,,,,,,,,,,,1,2,,,,,3,9,,,,,,
D.Square,00-0030148,yes,LAC,DT,1,,,,,,,,,1,,,,1,,,,,,,,,,,,,,,,,,,,,,,,,,,,,,,,,,,,,,,,1,15,,,,,,,,,,,,,,,,,,,,,
J.Bosa,00-0033156,yes,LAC,DE,,,,,,,,,,1,,,,1,,,,,,,,,,,,,,,,,,,,,,,,,,,,,,,,,,,,,,,,,,,,,,,,,,,,,,,,,,,,,,
I.Yiadom,00-0034780,no,DEN,CB,,,,,,,,,,,,,,1,,,,,,,,,,,,,,,,,,,,,,,,,,,,,,,,,,,,,,,,,,,,,,,,,,,,,,,,,,,,,,
D.Wolfe,00-0029586,no,DEN,DE,1,,,,,,,,,,,,,,,,,,,,,,,,,,,,,,,,,,,,,,,,,,,,,,,,,,,,,,,,,,,,,,,,,,,,,,,,,,,
M.Williams,00-0033536,yes,LAC,WR,,,,,,,,,,,,,,,,,,,,,,,,,,,,,,,,,,,,,,,,,,,,,,,,,,,,,,,,,,,,,,,2,3,,,,,11,56,,,,,,
B.Roby,00-0031372,no,DEN,DB,1,,,,,,,,2,,,,,2,,,,,,,,,,,,,,,,,,,,,,,,,,,,,,,,,,,,,,,,,,,,,,,,,,,,,,,,,,,,,,
W.Parks,00-0032958,no,DEN,DB,3,,,,,,,,,1,,,,1,,,,,,,,,,,,,,,,,,,,,,,,,,,,,,,,,,,,,,,,,,,,,,,,,,,,,,,,,,,,,,
J.Barksdale,00-0028030,yes,LAC,OT,,,,,,,,,,,,,,,,,,,,,,,,,,,,,,,,,,,,,,,,,,,,,,,,,,,,,,1,5,,,,,,,,,,,,,,,,,,,,,
J.Jewell,00-0034368,no,DEN,LB,2,,,,,,,,1,,,,,3,,,,,,,,,,,,,,,,,,,,,,,,,,,,,,,,,,,,,,,,,,,,,,,,,,,,,,,,,,,,,,
D.Booker,00-0032972,no,DEN,RB,1,,,,,,,,,,,,,,,,,,,,,,,,,,,,,,,,,,,,,,2,38,,,,,,,,,,,,,,,,,,,,,,,1,1,,,,,1,4,,,,,,
B.Facyson,00-0034545,yes,LAC,DB,1,,,,,,,,,,,,,,,,,,,,,,,,,,,,,,,,,,,,,,,,,,,,,,,,,,,,,,,,,,,,,,,,,,,,,,,,,,,
A.Phillips,00-0031404,yes,LAC,DB,1,,,,,,,,,,,,,5,,,1,,,,,,,,,,,,,,,,,,,,,,,,,,,,,,,,,,,,,,,,,,,,,,,,,,,,,,,,,,,
J.Richards,00-0033187,yes,LAC,,,,,,,,,,,,,,,,,,,,,,,,,,,,,,,,,,,,,,,,,,,,,,,,,,,,,,,1,15,,,,,,,,,,,,,,,,,,,,,
R.Freeman,00-0034838,no,DEN,RB,,,,,,,,,,,,,,,,,,,,,,,,,,,,,,,,,,,,,,,,,,,,,,,,,,,,,,,,,,,,,,,1,1,,,,,9,7,7,1,,,,23
B.Mebane,00-0025472,yes,LAC,DT,1,,,,,,,,,,,,,1,,,,,,,,,,,,,,,,,,,,,,,,,,,,,,,,,,,,,,,,1,5,,,,,,,,,,,,,,,,,,,,,
K.Emanuel,00-0032110,yes,LAC,LB,2,,,,,,,,,,,,,2,,,,,,,,,,,,,,,,,,,,,,,,,,,,,,,,,,,,,,,,,,,,,,,,,,,,,,,,,,,,,,
D.Watt,00-0032897,yes,LAC,FB,,,,,,,,,,,,,,1,,,,,,,,,,,,,,,,,,,,,,,,,,,,,,,,,,,,,,,,,,,,,,,,,,,,,,,,,,,,,,
B.McManus,00-0029822,no,DEN,K,,,,,,,,,,,,,,,,,,,,,,,,,,73,1,1,34,,,1,4,1,2,2,,263,,,,,,,,,,,,,,,,,,,,,,,,,,,,,,,,,,,,,,
D.King,00-0033566,yes,LAC,DB,,,,,,,,,,,,,,2,,,,,,,,,,,,,,,,,,,,,,,,,3,70,,,,,,,,,,,,,,,,,,,,,,,,,,,,,,,,,,,,
J.Jones,00-0033659,no,DEN,LB,,,,,,,,,,,,,,1,,,,,,,,,,,,,,,,,,,,,,,,,,,,,,,,,,,,,,,,,,,,,,,,,,,,,,,,,,,,,,
C.Harris,00-0028224,no,DEN,DB,4,,,,,1,,0,1,,,,,4,,,1,,,,,,,,,,,,,,,,,,,,,,,,,,,,,,,,,,,,,1,5,,,,,,,,,,,,,,,,,,,,,
J.Addae,00-0030312,yes,LAC,DB,,,,,,,,,,,,,,3,,,,,,,,,,,,,,,,,,,,,,,,,,,,,,,,,,,,,,,,1,5,,,,,,,,,,,,,,,,,,,,,
M.Ingram,00-0029249,yes,LAC,DE,,,,,,,,,,,,,,1,,,,,,,,,,,,,,,,,,,,,,,,,,,,,,,,,,,,,,,,,,,,,,,,,,,,,,,,,,,,,,
T.Brock,00-0027375,no,DEN,DB,,,,,,,,,,,,,,1,,,,,,,,,,,,,,,,,,,,,,,,,,,,,,,,,,,,,,,,,,,,,,,,,,,,,,,,,,,,,,
J.Veldheer,00-0027674,no,DEN,OT,,,,,,,,,,,,,,,,,,,,,,,,,,,,,,,,,,,,,,,,,,,,,,,,,,,,,,1,5,,,,,,,,,,,,,,,,,,,,,
J.Heuerman,00-0032227,no,DEN,TE,,,,,,,,,,,,,,,,,,,,,,,,,,,,,,,,,,,,,,,,,,,,,,,,,,,,,,,,,,,,,,,4,5,,,,,7,20,,,,,,
T.Patrick,00-0033375,no,DEN,WR,,,,,,,,,,,,,,,,,,,,,,,,,,,,,,,,,,,,,,,,,,,,,,,,,,,,,,1,10,,,,,,,,,1,,,,,,,,,,,,
V.Miller,00-0027940,no,DEN,LB,,,,,,1,,42,1,1,1.0,-3,,1,1,3,,,,,,,,,,,,,,,,,,,,,,,,,,,,,,,,,,,,,,,,,,,,,,,,,,,,,,,,,,,,
D.Feeney,00-0033910,yes,LAC,OG,,,,,,,,,,,,,,,,,,,,,,,,,,,,,,,,,,,,,,,,,,,,,,,,,,,,,,1,10,,,,,,,,,,,,,,,,,,,,,
K.Bierria,00-0034422,no,DEN,LB,1,,,,,,,,,,,,,1,,,1,,,,,,,,,,,,,,,,,,,,,,,,,,,,,,,,,,,,,,,,,,,,,,,,,,,,,,,,,,,
D.Jones,00-0022684,yes,LAC,,,,,,,,,,,,,,,,,,,,,,,,,,,,,,,,,,,,,,,,,,,,,,,,,,,,,,,,,1,2,,78,,,,,,,,,,,,,,,,,
C.Hayward,00-0029261,yes,LAC,DB,1,,,,,,,,1,,,,,,,,,,,,,,,,,,,,,,,,,,,,,,,,,,,,,,,,,,,,,,,,,,,,,,,,,,,,,,,,,,,
S.Tevi,00-0033578,yes,LAC,OT,,,,,,,,,,,,,,,,,,,,,,,,,,,,,,,,,,,,,,,,,,,,,,,,,,,,,,1,5,,,,,,,,,,,,,,,,,,,,,
U.Nwosu,00-0034350,yes,LAC,LB,,,,,,,,,,1,,,,1,,,,,,,,,,,,,,,,,,,,,,,,,,,,,,,,,,,,,,,,,,,,,,,,,,,,,,,,,,,,,,
R.Cracraft,00-0034054,no,DEN,N/A,,,,,,,,,,,,,,,,,,,,,,,,,,,,,,,,,,,,,,,,,,,,,,,,,,,,,,,,,,,,1,,,,,,,,,,,,,,,,
T.Sullivan,00-0033731,no,PHI,N/A,,,,,,,,,,,,,,,,,,,,,,,,,,,,,,,,,,,,,,,,,,,,,,,,,,,,,,2,15,,,,,,,,,,,,,,,,,,,,,
W.Lutz,00-0032569,yes,NO,K,,,,,,,,,,,,,,1,,,,,,,,,,,,362,2,2,57,,,,8,5,6,6,,526,,,,,,,,,,,,,,,,,,,,,,,,,,,,,,,,,,,,,,
C.Clement,00-0033725,no,PHI,RB,,,,,,,,,,,,,,,,,,,,,,,,,,,,,,,,,,,,,,,4,114,,,,,,,,,,,,,,,,,,,,,,,2,2,,,,,18,4,2,,,,,11
J.Adams,00-0034457,no,PHI,RB,,,,,,,,,,,,,,,,,,,,,,,,,,,,,,,,,,,,,,,,,,,,,,,,,,,,,,,,,,,,,,,3,6,,,,,24,19,7,1,,,,53
D.Davis,00-0029607,yes,NO,LB,,,,,,,,,,,,,,3,2,2,,,,,,,,,,,,,,,,,,,,,,,,,,,,,,,,,,,,,,,,,,,,,,,,,,,,,,,,,,,,
C.Wentz,00-0032950,no,PHI,QB,,,,,,,,,,,,,,,,,,,,,,,,,,,,,,,,,,,,,,,,,33,19,84,14,231,3,3,-18,,,,,156,,,,,,,,,,,,,,,,,,1,,,,,6
P.Williams,00-0032059,yes,NO,CB,,,,,,,,,2,,,,,2,,,,,,,,,,,,,,,,,,,,,,,,,,,,,,,,,,,,,,,,1,5,,,,,,,,,,,,,,,,,,,,,
G.Tate,00-0027891,no,PHI,WR,,,,,,,,,,,,,,1,,,,,,,,,,,,,,,,,,,,,,,,,,,,,,,,,,,,,,,,1,10,,,,,,1,-2,5,8,,,,,12,48,1,,,,,-8
V.Bell,00-0032939,yes,NO,DB,1,,,,,,,,,,,,,2,,,,,,,,,,,,,,,,,,,,,,,,,,,,,,,,,,,,,,,,,,,,,,,,,,,,,,,,,,,,,,
T.Hill,00-0033357,yes,NO,QB,,,,,,,,,,,,,,1,,,,,,,,,,,,,,,,,,,,,,,,,,,2,1,-1,1,25,,,,,,,,10,,,,,,,,1,0,,1,,,,,,,3,,,,,4
D.Alexander,00-0031950,no,PHI,LB,,,,,,,,,,,,,,1,,,,,,,,,,,,,,,,,,,,,,,,,,,,,,,,,,,,,,,,,,,,,,,,,,,,,,,,,,,,,,
C.Johnston,00-0033729,no,PHI,P,,,,,,,,,,,,,,1,,,,,,,,,,,,,,,,,,,,,,,,,,,,,,,,,,,,,,,,,,2,4,,159,,,,,,,,,,,,,,,,,
V.Biegel,00-0033939,yes,NO,LB,,,,,,,,,,,,,,1,,,,,,,,,,,,,,,,,,,,,,,,,,,,,,,,,,,,,,,,1,10,,,,,,,,,,,,,,,,,,,,,
C.Graham,00-0025555,no,PHI,DB,2,,,,,,,,,,,,,7,,,1,,,,,,,,,,,,,,,,,,,,,,,,,,,,,,,,,,,,,1,15,,,,,,,,,,,,,,,,,,,,,
M.Ingram,00-0027966,yes,NO,RB,,,,,,,,,,,,,,,,,,,,,,,,,,,,,,,,,,,,,,,,,,,,,,,,,,,,,,,,,,,,,,,,,,,,,,,16,2,,,,103
D.Brees,00-0020531,yes,NO,QB,,,,,,,,,,,,,,,,,,,,,,,,,,,,,,,,,,,,,,,,,30,22,248,8,124,,,,4,,,,363,1,5,,,,,,,,,,,,,,,,,,,,,
J.Hill,00-0030216,yes,NO,TE,,,,,,,,,,,,,,,,,,,,,,,,,,,,,,,,,,,,,,,,,,,,,,,,,,,,,,1,10,,,,,,,,2,4,,,,,30,26,,,,,,
A.Kamara,00-0033906,yes,NO,RB,,,,,,,,,,,,,,,,,,,,,,,,,,,,,,,,,,,,,,,,,,,,,,,,,,,,,,1,13,,,,,2,1,13,1,1,1,,,,13,37,13,,,,,71
F.Cox,00-0029653,no,PHI,DE,,,,,,,,,,,,,,2,,,,,,,,,,,,,,,,,,,,,,,,,,,,,,,,,,,,,,,,,,,,,,,,,,,,,,,,,,,,,,
K.Kirkwood,00-0034317,yes,NO,N/A,,,,,,,,,,,,,,,,,,,,,,,,,,,,,,,,,,,,,,,,,,,,,,,,,,,,,,,,,,,,,,,3,5,,,,,13,33,,,,,,
S.Jones,00-0033543,no,PHI,CB,,,,,,,,,,,,,,2,,,,,,,,,,,,,,,,,,,,,,,,,,,,,,,,,,,,,,,,,,,,,,,,,,,,,,,,,,,,,,
T.Hester,00-0033976,no,PHI,,1,,,,,,,,,,,,,2,1,3,,,,,,,,,,,,,,,,,,,,,,,,,,,,,,,,,,,,,,,,,,,,,,,,,,,,,,,,,,,,
T.McGill,00-0032162,no,PHI,DT,1,,,,,,,,,,,,,2,1,1,,,,,,,,,,,,,,,,,,,,,,,,,,,,,,,,,,,,,,,,,,,,,,,,,,,,,,,,,,,,
C.LeBlanc,00-0032581,no,PHI,,,,,,,,,,,,,,,2,,,1,,,,,,,,,,,,,,,,,,,,,,,,,,,,,,,,,,,,,,,,,,,,,,,,,,,,,,,,,,,
M.Jenkins,00-0026990,no,PHI,DB,2,,,,,,,,,,,,,7,,,1,,,,,,,,,,,,,,,,,,,,,,,,,,,,,,,,,,,,,,,,,,,,,,,,,,,,,,,,,,,
D.Arnold,00-0034011,yes,NO,TE,,,,,,,,,,,,,,,,,,,,,,,,,,,,,,,,,,,,,,,,,,,,,,,,,,,,,,,,,,,,,,,2,2,,,,,0,25,,,,,,
D.Goedert,00-0034351,no,PHI,TE,,,,,,,,,,,,,,,,,,,,,,,,,,,,,,,,,,,,,,,,,,,,,,,,,,,,,,,,,,,,,,,,3,,,,,,,,,,,,
C.Jordan,00-0027962,yes,NO,DE,,,,,,,,,1,1,,,,1,1,8,,,,,,,,,,,,,,,,,,,,,,,,,,,,,,,,,,,,,,,,,,,,,,,,,,,,,,,,,,,,
T.Hendrickson,00-0033935,yes,NO,DE,,,,,,,,,,1,,,,1,,,,,,,,,,,,,,,,,,,,,,,,,,,,,,,,,,,,,,,,,,,,,,,,,,,,,,,,,,,,,,
J.Matthews,00-0031299,no,PHI,WR,,,,,,,,,,,,,,,,,,,,,,,,,,,,,,,,,,,,,,,,,,,,,,,,,,,,,,,,,,,,,,,3,4,,,,,14,37,,,,,,
J.Hicks,00-0032129,no,PHI,LB,2,,,,,,,,,,,,,5,,,,,,,,,,,,,,,,,,,,,,,,,,,,,,,,,,,,,,,,,,,,,,,,,,,,,,,,,,,,,,
B.Graham,00-0027865,no,PHI,DE,,,,,,,,,,,,,,1,,,1,,,,,,,,,,,,,,,,,,,,,,,,,,,,,,,,,,,,,,,,,,,,,,,,,,,,,,,,,,,
M.Thomas,00-0032765,yes,NO,WR,,,,,,,,,,,,,,,,,,,,,,,,,,,,,,,,,,,,,,,,,,,,,,,,,,,,,,,,,,,,,,,4,4,1,,,,34,92,,,,,,
A.Maddox,00-0034377,no,PHI,CB,,,,,,,,,,,,,,2,,,,,,,,,,,,,,,,,,,,,,,,,,,,,,,,,,,,,,,,,,,,,,,,,,,,,,,,,,,,,,
H.Ngata,00-0024227,no,PHI,DT,,,,,,,,,,,,,,2,1,1,,,,,,,,,,,,,,,,,,,,,,,,,,,,,,,,,,,,,,,,,,,,,,,,,,,,,,,,,,,,
T.Smith,00-0034765,yes,NO,WR,,,,,,,,,,,,,,,,,,,,,,,,,,,,,,,,,,,,,,,,,,,,,,,,,,,,,,,,,,,,,,,10,13,1,,,,36,157,,,,,,
A.Carr,00-0033382,yes,NO,WR,,,,,,,,,,,,,,,,,,,,,,,,,,,,,,,,,,,,,,,,,,,,,,,,,,,,,,,,,,,,,,,1,2,1,,,,0,3,,,,,,
M.Lattimore,00-0033874,yes,NO,CB,,,,,,1,,0,2,,,,,4,,,,,,,,,,,,,,,,,,,,,,,,,,,,,,,,,,,,,,,,,,,,,,,,,,,,,,,,,,,,,,
N.Agholor,00-0031549,no,PHI,WR,,,,,,,,,,,,,,1,,,,,,,,,,,,,,,,,,,,,,,,,,,,,,,,,,,,,,,,,,,,,,,,,,2,,,,,,,,,,,,
N.Bradham,00-0029272,no,PHI,LB,,,,,,,,,,,,,,5,,,2,,,,,,,,,,,,,,,,,,,,,,,,,,,,,,,,,,,,,,,,,,,,,,,,,,,,,,,,,,,
R.Douglas,00-0033551,no,PHI,CB,,,,,,,,,,,,,,3,,,1,,,,,,,,,,,,,,,,,,,,,,,,,,,,,,,,,,,,,,,,,,,,,,,,,,,,,,,,,,,
M.Bennett,00-0026618,no,PHI,DE,,,,,,,,,,,,,,2,,,1,,,,,,,,,,,,,,,,,,,,,,,,,,,,,,,,,,,,,,,,,,,,,,,,,,,,,,,,,,,
A.Jeffery,00-0029137,no,PHI,WR,,,,,,,,,,,,,,,,,,,,,,,,,,,,,,,,,,,,,,,,,,,,,,,,,,,,,,,,,,,,,,,4,5,,,,,1,33,,,,,,
T.Davison,00-0031947,yes,NO,DT,1,,,,,,,,,,,,,2,,,1,,,,,,,,,,,,,,,,,,,,,,,,,,,,,,,,,,,,,,,,,,,,,,,,,,,,,,,,,,,
E.Apple,00-0032379,yes,NO,CB,,,,,,,,,,,,,,2,,,,,,,,,,,,,,,,,,,,,,,,,,,,,,,,,,,,,,,,,,,,,,,,,,,,,,,,,,,,,,
J.Elliott,00-0033787,no,PHI,K,,,,,,,,,,,,,,,,,,,,,,,,,,147,,,,,,,2,2,1,1,,130,,,,,,,,,,,,,,,,,,,,,,,,,,,,,,,,,,,,,,
T.Morstead,00-0027114,yes,NO,P,,,,,,,,,,,,,,,,,,,,,,,,,,,,,,,,1,1,,,,,50,,,,,,,,,,,,,,,,,,,2,,99,,,,,,,,,,,,,,,,,
K.Coleman,00-0027835,yes,NO,DB,,,,,,,,,,,,,,1,,,,,,,,,,,,,,,,,,,,,,,,,,,,,,,,,,,,,,,,,,,,,,,,,,,,,,,,,,,,,,
A.Anzalone,00-0033914,yes,NO,LB,1,,,,,,,,,,,,,2,,,,,,,,,,,,,,,,,,,,,,,,,,,,,,,,,,,,,,,,,,,,,,,,,,,,,,,,,,,,,,
S.Rankins,00-0032759,yes,NO,DT,,,,,,,,,,1,1.0,-10,,1,1,10,,,,,,,,,,,,,,,,,,,,,,,,,,,,,,,,,,,,,,,,,,,,,,,,,,,,,,,,,,,,
C.Banjo,00-0029747,yes,NO,DB,,,,,,2,,0,2,,,,,2,,,,,,,,,,,,,,,,,,,,,,,,,,,,,,,,,,,,,,,,1,5,,,,,,,,,,,,,,,,,,,,,
N.Gerry,00-0033577,no,PHI,LB,1,,,,,,,,,,,,,,,,,,,,,,,,,,,,,,,,,,,,,,,,,,,,,,,,,,,,,,,,,,,,,,,,,,,,,,,,,,,
C.Sullivan,00-0034468,no,PHI,N/A,,,,,,,,,,,,,,4,,,1,,,,,,,,,,,,,,,,,,,,,,,,,,,,,,,,,,,,,,,,,,,,,,,,,,,,,,,,,,,
C.Long,00-0026142,no,PHI,DE,,,,,,,,,,,,,,2,,,,,,,,,,,,,,,,,,,,,,,,,,,,,,,,,,,,,,,,,,,,,,,,,,,,,,,,,,,,,,
R.Rodgers,00-0031384,no,PHI,TE,,,,,,,,,,,,,,,,,,,,,,,,,,,,,,,,,,,,,,,,,,,,,,,,,,,,,,1,7,,,,,,,,,,,,,,,,,,,,,
Z.Ertz,00-0030061,no,PHI,TE,,,,,,,,,,,,,,,,,,,,,,,,,,,,,,,,,,,,,,,,,,,,,,,,,,,,,,,,,,,,,,,2,3,,,,,3,15,,,,,,
A.Okafor,00-0030503,yes,NO,DE,,,,,,,,,,1,1.0,-3,,2,1,3,,,,,,,,,,,,,,,,,,,,,,,,,,,,,,,,,,,,,,,,,,,,,,,,,,,,,,,,,,,,
D.Onyemata,00-0033051,yes,NO,DT,,,,,,,,,,,,,,1,1,4,,,,,,,,,,,,,,,,,,,,,,,,,,,,,,,,,,,,,,,,,,,,,,,,,,,,,,,,,,,,
W.Smallwood,00-0032782,no,PHI,RB,,,,,,,,,,,,,,,,,,,,,,,,,,,,,,,,,,,,,,,,,,,,,,,,,,,,,,,,,,,,,,,,,,,,,,,1,,,,,-4
Z.Line,00-0029931,yes,NO,RB,,,,,,,,,,,,,,,,,,,,,,,,,,,,,,,,,,,,,,,,,,,,,,,,,,,,,,,,,,,,,,,,,,,,,,,1,,,,,-1
D.Bausby,00-0031991,no,PHI,,,,,,,,,,,,,,,3,,,,,,,,,,,,,,,,,,,,,,,,,,,,,,,,,,,,,,,,1,2,,,,,,,,,,,,,,,,,,,,,
M.Williams,00-0033894,yes,NO,DB,,,,,,,,,,,,,,1,,,,,,,,,,,,,,,,,,,,,,,,,,,,,,,,,,,,,,,,,,,,,,,,,,,,,,,,,,,,,,
J.Sweat,00-0034381,no,PHI,DE,,,,,,,,,,1,,,,,,,,,,,,,,,,,,,,,,,,,,,,,,,,,,,,,,,,,,,,,,,,,,,,,,,,,,,,,,,,,,
A.Klein,00-0030463,yes,NO,LB,,,,,,,,,,,,,,2,,,,,,,,,,,,,,,,,,,,,,,,,,,,,,,,,,,,,,,,,,,,,,,,,,,,,,,,,,,,,,
J.Hardee,00-0033770,yes,NO,DB,,,,,,,,,,,,,,2,,,,,,,,,,,,,,,,,,,,,,,,,,,,,,,,,,,,,,,,,,,,,,,,,,,,,,,,,,,,,,
K.Crawley,00-0032875,yes,NO,CB,,,,,,,,,1,,,,,,,,,,,,,,,,,,,,,,,,,,,,,,,,,,,,,,,,,,,,,1,16,,,,,,,,,,,,,,,,,,,,,
D.Washington,00-0032450,yes,NO,,,,,,,,,,,,,,,,,,,,,,,,,,,,,,,,,,,,,,,,,,,,,,,,,,,,,,,,,,,,,,,,,,,,,,,,3,,,,,-3
C.Robertson,00-0028834,yes,NO,LB,,,,,,,,,,1,1.0,-5,,2,1,5,,,,,,,,,,,,,,,,,,,,,,,,,,,,,,,,,,,,,,,,,,,,,,,,,,,,,,,,,,,,
J.Robinson,00-0029691,yes,NO,,,,,,,,,,,,,,,1,,,,,,,,,,,,,,,,,,,,,,,,,,,,,,,,,,,,,,,,,,,,,,,,,,,,,,,,,,,,,,
T.Bridgewater,00-0031237,yes,NO,QB,,,,,,,,,,,,,,,,,,,,,,,,,,,,,,,,,,,,,,,,,,,,,,,,,,,,,,,,,,,,,,,,,,,,,,,1,,,,,-1
C.Boswell,00-0031136,no,PIT,K,,,,,,,,,,,,,,,,,,,,,,,,,,135,,,,,,,4,2,2,2,,214,,,,,,,,,,,,,,,,,,,,,,,,,,,,,,,,,,,,,,
B.Bell,00-0032062,yes,JAX,,,,,,,,,,,,,,,,,,,,,,,,,,,,,,,,,,,,,,,,1,9,,,,,,,,,,,,,,,,,,,,,,,,,,,,,,,,,,,,
D.Heyward-Bey,00-0026983,no,PIT,WR,,,,,,,,,,,,,,1,,,,,,,,,,,,,,,,,,,,,,,,,,,,,,,,,,,,,,,,,,,,,,,,,,,,,,,,,,,,,,
L.Fournette,00-0033856,yes,JAX,RB,,,,,,,,,,,,,,,,,,,,,,,,,,,,,,,,,,,,,,,,,,,,,,,,,,,,,,,,,,,,,,,2,2,,,,,35,46,28,1,,,,95
C.Sensabaugh,00-0029529,no,PIT,DB,3,,,,,,,,,,,,,4,,,,,,,,,,,,,,,,,,,,,,,,,,,,,,,,,,,,,,,,,,,,,,,,,,,,,,,,,,,,,,
T.Watt,00-0033886,no,PIT,LB,,2,,,,,,,,1,2.0,-11,,6,1,11,,,,,,,,,,,,,,,,,,,,,,,,,,,,,,,,,,,,,,,,,,,,,,,,,,,,,,,,,,,,
D.Moncrief,00-0031339,yes,JAX,WR,,,,,,,,,,,,,,,,,,,,,,,,,,,,,,,,,,,,,,,,,,,,,,,,,,,,,,,,,,,,,,,1,2,,,,,1,11,,,,,,
B.Bortles,00-0031407,yes,JAX,QB,,,,,,,,,,,,,,,,,,2,1,,,,,,2,,,,,,,,,,,,,,,,18,10,52,8,99,,6,-40,,,,,104,,,,,,,,,,,,,,,,,,2,,,,,17
D.McCullers,00-0031193,no,PIT,DT,1,,,,,,,,,,,,,,,,,,,,,,,,,,,,,,,,,,,,,,,,,,,,,,,,,,,,,,,,,,,,,,,,,,,,,,,,,,,
T.Alualu,00-0027862,no,PIT,DE,2,,,,,,,,,,,,,5,,,,,,,,,,,,,,,,,,,,,,,,,,,,,,,,,,,,,,,,,,,,,,,,,,,,,,,,,,,,,,
T.Yeldon,00-0032209,yes,JAX,RB,,,,,,,,,,,,,,,,,,,,,,,,,,,,,,,,,,,,,,,,,,,,,,,,,,,,,,,,,,,,,,,2,3,,,,,14,9,5,,,,,23
L.Cooke,00-0034437,yes,JAX,P,,,,,,,,,,,,,,,,,,,,,,,,,,,,,,,,,,,,,,,,,,,,,,,,,,,,,,,,1,9,3,415,,,,,,,,,,,,,,,,,
A.Jones,00-0029946,yes,JAX,DT,,,,,,,,,,,,,,1,,,,,,,,,,,,,,,,,,,,,,,,,,,,,,,,,,,,,,,,1,15,,,,,,,,,,,,,,,,,,,,,
J.Conner,00-0033553,no,PIT,RB,,,,,,,,,,,,,,1,,,,,,,,,,,,,,,,,,,,,,,,,,,,,,,,,,,,,,,,,,,,,,,,,6,9,,,,,28,24,9,,,,,25
B.Roethlisberger,00-0022924,no,PIT,QB,,,,,,,,,,,,,,,,,,,,,,,,,,,,,,,,,,,,,,,,,47,27,175,20,212,3,2,-17,2,1,,1,314,,,,,,,,,,,,,,,,,,2,1,,,,1
J.Smith-Schuster,00-0033857,no,PIT,WR,,,,,,,,,,,,,,1,,,,,,,,,,,,,,,,,,,,,,,,,,,,,,,,,,,,,,,,,,,,,,,,,8,10,,,,,31,104,,,,,,
J.Ramsey,00-0033055,yes,JAX,CB,,,,,,2,,0,3,,,,,8,,,,,,,,,,,,,,,,,,,,,,,,,,,,,,,,,,,,,,,,1,15,,,,,,,,,,,,,,,,,,,,,
M.Dareus,00-0027941,yes,JAX,DT,,,,,,,,,,,,,,1,,,,,,,,,,,,,,,,,,,,,,,,,,,,,,,,,,,,,,,,,,,,,,,,,,,,,,,,,,,,,,
J.Berry,00-0031502,no,PIT,P,,,,,,,,,,,,,,,,,,,,,,,,,,,,,,,,,,,,,,,,,,,,,,,,,,,,,,,,1,6,1,306,,,,,,,,,,,,,,,,,
D.Westbrook,00-0033839,yes,JAX,WR,,,,,,,,,,,,,,1,,,,,,,,,,,,,,,,,,,,,,,,,1,16,,,,,,,,,,,,,,1,10,,,,,2,2,36,2,4,,,,,0,19,,,,,,
D.Chark,00-0034777,yes,JAX,WR,,,,,,,,,,,,,,1,,,,,,,,,,,,,,,,,,,,,,,,,,,,,,,,,,,,,,,,,,,,,,,,,2,5,,,,,1,15,,,,,,
T.Edmunds,00-0034858,no,PIT,DB,1,,,,,,,,,1,,,,3,,,,,,,,,,,,,,,,,,,,,,,,,,,,,,,,,,,,,,,,,,,,,,,,,,,,,,,,,,,,,,
B.Dupree,00-0032146,no,PIT,LB,,,,,,,,,,,,,,3,1,2,,,,,,,,,,,,,,,,,,,,,,,,,,,,,,,,,,,,,,,,,,,,,,,,,,,,,,,,,,,,
V.Williams,00-0030434,no,PIT,LB,4,,,,,,,,1,2,1.0,-9,,6,1,9,,,,,,,,,,,,,,,,,,,,,,,,,,,,,,,,,,,,,,,,,,,,,,,,,,,,,,,,,,,,
R.Switzer,00-0033562,no,PIT,WR,,,,,,,,,,,,,,,,,,,,,,,,,,,,,,,,,,,,,,,2,44,,,,,,,,,,,,,,,,,,,,2,3,13,3,3,,,,,10,28,,,,,,
A.Bouye,00-0030228,yes,JAX,DB,1,,,,,,,,1,,,,,5,,,,,,,,,,,,,,,,,,,,,,,,,,,,,,,,,,,,,,,,,,,,,,,,,,,,,,,,,,,,,,
C.Campbell,00-0026190,yes,JAX,DT,2,,,,,,,,,1,1.0,-9,,2,1,9,,,,,,,,,,,,,,,,,,,,,,,,,,,,,,,,,,,,,,1,15,,,,,,,,,,,,,,,,,,,,,
Y.Ngakoue,00-0033123,yes,JAX,DE,,,,,,,,,,3,1.0,-8,,1,1,8,,,,,,,,,,,,,,,,,,,,,,,,,,,,,,,,,,,,,,1,15,,,,,,,,,,,,,,,,,,,,,
V.McDonald,00-0030470,no,PIT,TE,,,,,,,,,,,,,,,,,,,,,,,,,,,,,,,,,,,,,,,,,,,,,,,,,,,,,,1,5,,,,,,,,3,6,1,,,,15,27,,,,,,
C.Hyde,00-0031045,yes,JAX,RB,,,,,,,,,,,,,,,,,,,,,,,,,,,,,,,,,,,,,,,,,,,,,,,,,,,,,,,,,,,,,,,,,,,,,,,8,,,,,44
S.Davis,00-0033053,no,PIT,SAF,2,,,,,,,,,,,,,6,,,1,,,,,,,,,,,,,,,,,,,,,,,,,,,,,,,,,,,,,,,,,,,,,,,,,,,,,,,,,,,
J.Haden,00-0027860,no,PIT,DB,1,,,,,,,,,,,,,1,,,,,,,,,,,,,,,,,,,,,,,,,,,,,,,,,,,,,,,,1,5,,,,,,,,,,,,,,,,,,,,,
J.Bostic,00-0030064,no,PIT,LB,4,,,,,,,,,,,,,2,,,,,,,,,,,,,,,,,,,,,,,,,,,,,,,,,,,,,,,,,,,,,,,,,,,,,,,,,,,,,,
T.Shatley,00-0030827,yes,JAX,C,,,,,,,,,,,,,,,,,,,,,,,,,,,,,,,,,,,,,,,,,,,,,,,,,,,,,,1,10,,,,,,,,,,,,,,,,,,,,,
M.Hilton,00-0032521,no,PIT,CB,,,,,,,,,,,,,,1,,,,,,,,,,,,,,,,,,,,,,,,,,,,,,,,,,,,,,,,,,,,,,,,,,,,,,,,,,,,,,
L.Fort,00-0028932,no,PIT,LB,,,,,,,,,,,,,,2,,,,,,,,,,,,,,,,,,,,,,,,,,,,,,,,,,,,,,,,,,,,,,,,,,,,,,,,,,,,,,
J.Lambo,00-0032087,yes,JAX,K,,,,,,,,,,,,,,,,,,,,,,,,,,218,3,3,129,,,,5,3,1,1,,322,,,,,,,,,,,,,,,,,,,,,,,,,,,,,,,,,,,,,,
D.Hayden,00-0030572,yes,JAX,DB,1,,,,,,,,1,,,,,7,,,,,,,,,,,,,,,,,,,,,,,,,,,,,,,,,,,,,,,,2,1,,,,,,,,,,,,,,,,,,,,,
J.Washington,00-0034676,no,PIT,WR,,,,,,,,,,,,,,,,,,,,,,,,,,,,,,,,,,,,,,,,,,,,,,,,,,,,,,,,,,,,,,,1,3,,,,,0,11,,,,,,
Tel.Smith,00-0031309,yes,JAX,LB,2,,,,,,,,,,,,,4,,,,,,,,,,,,,,,,,,,,,,,,,,,,,,,,,,,,,,,,1,15,,,,,,,,,,,,,,,,,,,,,
A.Brown,00-0027793,no,PIT,WR,,,,,,,,,,,,,,1,,,,,,,,,,,,,,,,,,,,,,,,,,,,,,,,,,,,,,,,,,,,,,,,,5,13,1,,,,52,117,,,,,,
M.Jackson,00-0029568,yes,JAX,DT,,,,,,,,,,1,,,,,,,,,,,,,,,,,,,,,,,,,,,,,,,,,,,,,,,,,,,,,,,,,,,,,,,,,,,,,,,,,,
A.Chickillo,00-0031956,no,PIT,LB,,,,,,,,,,,,,,2,,,,,,,,,,,,,,,,,,,,,,,,,,,,,,,,,,,,,,,,,,,,,,,,,,,,,,,,,,,,,,
M.Burnett,00-0027676,no,PIT,DB,1,,,,,,,,,,,,,,,,,,,,,,,,,,,,,,,,,,,,,,,,,,,,,,,,,,,,,,,,,,,,,,,,,,,,,,,,,,,
J.Hargrave,00-0033109,no,PIT,DT,,,,,,,,,1,2,2.0,-13,,4,2,13,,,,,,,,,,,,,,,,,,,,,,,,,,,,,,,,,,,,,,,,,,,,,,,,,,,,,,,,,,,,
J.Wilson,00-0032525,yes,JAX,DB,,,,,,,,,,,,,,1,,,,,,,,,,,,,,,,,,,,,,,,,,,,,,,,,,,,,,,,,,,,,,,,,,,,,,,,,,,,,,
J.O'Shaughnessy,00-0031951,yes,JAX,TE,,,,,,,,,,,,,,,,,,,,,,,,,,,,,,,,,,,,,,,,,,,,,,,,,,,,,,,,,,,,,,,1,2,,,,,1,4,,,,,,
B.Brown,00-0033841,yes,JAX,LB,,,,,,,,,,,,,,1,,,,,,,,,,,,,,,,,,,,,,,,,,,,,,,,,,,,,,,,,,,,,,,,,,,,,,,,,,,,,,
B.Church,00-0027416,yes,JAX,DB,,,,,,1,,11,1,,,,,2,,,,,,,,,,,,,,,,,,,,,,,,,,,,,,,,,,,,,,,,,,,,,,,,,,,,,,,,,,,,,,
X.Grimble,00-0031035,no,PIT,TE,,,,,,,,,,,,,,,,,,,,,,,,,,,,,,,,,,,,,,,,,,,,,,,,,,,,,,,,,,,,,,,1,1,,,,,3,3,,,,,,
C.Heyward,00-0027969,no,PIT,DT,1,,1,,0,,,,,1,1.0,-7,,4,2,8,,,,,,,,,,,,,,,,,,,,,,,,,,,,,,,,,,,,,,,,,,,,,,,,,,,,,,,,,,,,
J.Dangerfield,00-0030023,no,PIT,DB,1,,,,,,,,,,,,,1,,,,,,,,,,,,,,,,,,,,,,,,,,,,,,,,,,,,,,,,,,,,,,,,,,,,,,,,,,,,,,
J.Parnell,00-0026839,yes,JAX,OT,,,,,,,,,,,,,,,,,,,,,,1,,0,,,,,,,,,,,,,,,,,,,,,,,,,,,,,,1,10,,,,,,,,,,,,,,,,,,,,,
L.Jacobs,00-0034428,yes,JAX,LB,,,,,,,,,,,,,,1,,,,,,,,,,,,,,,,,,,,,,,,,,,,,,,,,,,,,,,,,,,,,,,,,,,,,,,,,,,,,,
T.Bryan,00-0034842,yes,JAX,DT,,,,,,,,,,1,,,,1,,,,,,,,,,,,,,,,,,,,,,,,,,,,,,,,,,,,,,,,,,,,,,,,,,,,,,,,,,,,,,
N.DeLuca,00-0034655,yes,JAX,N/A,,,,,,,,,,,,,,1,,,,,,,,,,,,,,,,,,,,,,,,,,,,,,,,,,,,,,,,,,,,,,,,,,,,,,,,,,,,,,
D.DeCastro,00-0029678,no,PIT,OG,,,,,,,,,,,,,,,,,,,,,,,,,,,,,,,,,,,,,,,,,,,,,,,,,,,,,,1,5,,,,,,,,,,,,,,,,,,,,,
J.James,00-0032135,no,PIT,TE,,,,,,,,,,,,,,,,,,,,,,,,,,,,,,,,,,,,,,,,,,,,,,,,,,,,,,,,,,,,,,,,,,1,,1,,,,,,,,
M.Jack,00-0032968,yes,JAX,LB,,,,,,,,,,,,,,1,,,,,,,,,,,,,,,,,,,,,,,,,,,,,,,,,,,,,,,,,,,,,,,,,,,,,,,,,,,,,,
T.Matakevich,00-0032366,no,PIT,LB,,,,,,,,,,,,,,1,,,,,,,,,,,,,,,,,,,,,,,,,,,,,,,,,,,,,,,,,,,,,,,,,,,,,,,,,,,,,,
H.Butker,00-0033303,no,KC,K,,,,,,,,,,,,,,,,,,,,,,,,,,363,1,1,21,,,1,9,5,6,5,1,597,,,,,,,,,,,,,,,,,,,,,,,,,,,,,,,,,,,,,,
O.Scandrick,00-0026283,no,KC,DB,,,,,,,,,1,,,,,2,,,,,,,,,,,,,,,,,,,,,,,,,,,,,,,,,,,,,,,,1,8,,,,,,,,,,,,,,,,,,,,,
T.Gurley,00-0032241,yes,LA,RB,,,,,,,,,,,,,,,,,,,,,,,,,,,,,,,,,,,,,,,,,,,,,,,,,,,,,,,,,,,,,,,3,3,,,,,39,39,12,,,,,55
B.Cooks,00-0031236,yes,LA,WR,,,,,,,,,,,,,,,,,,,,,,,,,,,,,,,,,,,,,,,,,,,,,,,,,,,,,,,,,,,,,,,8,12,,,,,71,107,1,,,,,0
J.Goff,00-0033106,yes,LA,QB,,,,,,,,,,,,,,,,,,2,2,,,,,,2,,,,,,,,,,,,,,,,49,31,225,18,261,,5,-34,4,,,,413,,,,,,,,,,,,,,,,,,4,1,,,,6
A.Hitchens,00-0031348,no,KC,LB,2,1,,,,,,,,,,,,4,,,,,,,,,,,,,,,,,,,,,,,,,,,,,,,,,,,,,,,,,,,,,,,,,,,,,,,,,,,,,,
S.Nelson,00-0032150,no,KC,CB,1,,,,,,,,1,,,,,5,,,,,,,,,,,,,,,,,,,,,,,,,,,,,,,,,,,,,,,,2,42,,,,,,,,,,,,,,,,,,,,,
D.O'Daniel,00-0034781,no,KC,LB,1,,,,,,,,,,,,,3,,,,,,,,,,,,,,,,,,,,,,,,,,,,,,,,,,,,,,,,,,,,,,,,,,,,,,,,,,,,,,
X.Williams,00-0031713,no,KC,DT,1,,,,,,,,,1,1.0,-8,,3,1,8,,,,,,,,,,,,,,,,,,,,,,,,,,,,,,,,,,,,,,,,,,,,,,,,,,,,,,,,,,,,
E.Murray,00-0033038,no,KC,CB,,,,,,,,,,,,,,5,,,,,,,,,,,,,,,,,,,,,,,,,,,,,,,,,,,,,,,,1,8,,,,,,,,,,,,,,,,,,,,,
R.Woods,00-0030431,yes,LA,WR,,,,,,,,,,,,,,,,,,,,,,,,,,,,,,,,,,,,,,,,,,,,,,,,,,,,,,,,,,,,,,,4,11,1,,,,6,72,,,,,,
G.Zuerlein,00-0029621,yes,LA,K,,,,,,,,,,,,,,1,,,,,,,,,,,,222,2,2,56,,,,10,3,5,4,1,647,,,,,,,,,,,,,,,,,,,,,,,,,,,,,,,,,,,,,,
B.Hager,00-0032248,yes,LA,LB,,,,,,,,,,,,,,3,,,,,,,,,,,,,,,,,,,,,,,,,,,,,,,,,,,,,,,,,,,,,,,,,,,,,,,,,,,,,,
Tr. Smith,00-0034278,no,KC,DB,,,,,,,,,,,,,,,,,,,,,,,,,,,,,,,,,,,,,,,7,207,,,,,,,,,,,,,,,,,,,,,,,,,,,,,,,,,,,,
D.Harris,00-0030155,no,KC,TE,,,,,,,,,,,,,,,,,,,,,,,,,,,,,,,,,,,,,,,,,,,,,,,,,,,,,,1,10,,,,,,,,1,2,,,,,1,3,,,,,,
K.Hunt,00-0033923,no,KC,RB,,,,,,,,,,,,,,,,,,,,,,,,,,,,,,,,,,,,,,,,,,,,,,,,,,,,,,,,,,,,,,,3,4,1,,,,29,41,14,,,,,70
J.Johnson,00-0033927,yes,LA,DB,2,,,,,,,,,,,,,9,1,1,2,,,,,,,,,,,,,,,,,,,,,,,,,,,,,,,,,,,,,,,,,,,,,,,,,,,,,,,,,,,
D.Fowler,00-0032052,yes,LA,DE,3,,,,,,,,,,,,,,,,,,,,,,,,,,,,,,,,,,,,,,,,,,,,,,,,,,,,,,,,,,,,,,,,,,,,,,,,,,,
S.Watkins,00-0031325,no,KC,WR,,,,,,,,,,,,,,,,,,,,,,,,,,,,,,,,,,,,,,,,,,,,,,,,,,,,,,,,,,,,,,,1,1,,,,,5,4,,,,,,
M.Peters,00-0032165,yes,LA,CB,,,,,,1,,9,1,,,,,1,,,,,,,,,,,,,,,,,,,,,,,,,,,,,,,,,,,,,,,,,,,,,,,,,,,,,,,,,,,,,,
P.Mahomes,00-0033873,no,KC,QB,,,,,,,,,,,,,,,,,,2,2,,,,,,2,,,,,,,,,,,,,,,,46,33,259,13,208,3,3,-30,6,,,,478,,,,,,,,,,,,,,,,,,6,,,,,28
T.Hill,00-0031785,yes,LA,CB,2,,,,,,,,,,,,,2,,,,,,,,,,,,,,,,,,,,,,,,,,,,,,,,,,,,,,,,2,15,,,,,,,,,,,,,,,,,,,,,
C.Conley,00-0032128,no,KC,WR,,,,,,,,,,,,,,1,,,,,,,,,,,,,,,,,,,,,,,,,,,,,,,,,,,,,,,,,,,,,,,,,7,8,2,,,,45,74,,,,,,
C.Erving,00-0032145,no,KC,OT,,,,,,,,,,,,,,,,,,,,,,,,,,,,,,,,,,,,,,,,,,,,,,,,,,,,,,2,15,,,,,,,,,,,,,,,,,,,,,
T.Kelce,00-0030506,no,KC,TE,,,,,,,,,,,,,,,,,,,,,,,,,,,,,,,,,,,,,,,,,,,,,,,,,,,,,,,,,,,,,,,10,15,1,,,,78,127,,,,,,
D.Colquitt,00-0023534,no,KC,P,,,,,,,,,,,,,,,,,,,,,,,,,,,,,,,,,,,,,,,,,,,,,,,,,,,,,,,,2,3,,142,,,,,,,,,,,,,,,,,
C.Ward,00-0034573,no,KC,CB,1,,,,,,,,,,,,,1,,,,,,,,,,,,,,,,,,,,,,,,,,,,,,,,,,,,,,,,,,,,,,,,,,,,,,,,,,,,,,
J.Natson,00-0033266,yes,LA,WR,,,,,,,,,,,,,,,,,,,,,,,,,,,,,,,,,,,,,,,,,,,,,,,,,,,,,,,,,,,,1,1,-3,,,,,,,,,,,,,,
T.Higbee,00-0033110,yes,LA,TE,,,,,,,,,,,,,,,,,,1,,,,1,,0,1,,,,,,,,,,,,,,,,,,,,,,,,,,,,,,,,,,,,,,6,7,,,,,38,63,,,,,,
R.Parker,00-0028445,no,KC,DB,1,,,,,,,,1,,,,,7,,,1,,,,,,,,,,,,,,,,,,,,,,,,,,,,,,,,,,,,,,,,,,,,,,,,,,,,,,,,,,,
J.Reynolds,00-0033943,yes,LA,WR,,,,,,,,,,,,,,,,,,,,,,,,,,,,,,,,,,,,,,,,,,,,,,,,,,,,,,,,,,,,,,,6,8,1,,,,20,80,,,,,,
K.Fuller,00-0033084,no,KC,CB,,,,,,,,,1,,,,,3,1,1,,,,,,,,,,,,,,,,,,,,,,,,,,,,,,,,,,,,,,,,,,,,,,,,,,,,,,,,,,,,
C.Jones,00-0032762,no,KC,DT,,,,,,,,,1,4,2.0,-13,,6,3,14,,,,,,,,,,,,,,,,,,,,,,,,,,,,,,,,,,,,,,,,,,,,,,,,,,,,,,,,,,,,
D.Ford,00-0031297,no,KC,LB,,1,,,,,,,,1,,,,2,,,1,,,,,,,,,,,,,,,,,,,,,,,,,,,,,,,,,,,,,1,5,,,,,,,,,,,,,,,,,,,,,
D.Nnadi,00-0034818,no,KC,DT,,,,,,,,,,,,,,,,,,,,,,,,,,,,,,,,,,,,,,,,,,,,,,,,,,,,,,1,4,,,,,,,,,,,,,,,,,,,,,
K.Hodge,00-0034854,yes,LA,WR,,,,,,,,,,,,,,1,,,,,,,,,,,,,,,,,,,,,,,,,,,,,,,,,,,,,,,,,,,,,,,,,1,1,,,,,0,3,,,,,,
M.Barron,00-0029670,yes,LA,LB,1,,,,,,,,,,,,,5,,,2,,,,,,,,,,,,,,,,,,,,,,,,,,,,,,,,,,,,,1,5,,,,,,,,,,,,,,,,,,,,,
L.Joyner,00-0031389,yes,LA,DB,2,,,,,1,,5,2,,,,,5,,,,,,,,,,,,,,,,,,,,,,,,,,,,,,,,,,,,,,,,,,,,,,,,,,,,,,,,,,,,,,
T.Hill,00-0033040,no,KC,WR,,,,,,,,,,,,,,,,,,,,,,,,,,,,,,,,,,,,,,,,,,,,,,,,,,,,,,1,15,,,,,,3,22,10,14,2,,,,50,215,,,,,,
D.Robinson,00-0032775,no,KC,WR,,,,,,,,,,,,,,1,,,1,,,,,,,,,,,,,,,,,,,,,,,,,,,,,,,,,,,,,,,,,,,,,,1,2,,,,,11,14,,,,,,
P.Cooper,00-0033111,yes,LA,WR,,,,,,,,,,,,,,,,,,,,,,,,,,,,,,,,,,,,,,,4,78,,,,,,,,,,,,,,,,,,,,,,,,,,,,,,,,,,,,
M.Brown,00-0031806,yes,LA,RB,,,,,,,,,,,,,,1,,,,,,,,,,,,,,,,,,,,,,,,,,,,,,,,,,,,,,,,,,,,,,,,,,,,,,,,,4,,,,,15
B.Speaks,00-0034774,no,KC,LB,,,,,,,,,,,,,,1,,,,,,,,,,,,,,,,,,,,,,,,,,,,,,,,,,,,,,,,,,,,,,,,,,,,,,,,,,,,,,
G.Everett,00-0033895,yes,LA,TE,,,,,,,,,,,,,,,,,,,,,,,,,,,,,,,,,,,,,,,,,,,,,,,,,,,,,,,,,,,,,,,3,4,2,,,,14,49,,,,,,
C.Littleton,00-0032677,yes,LA,LB,1,,,,,,,,,,,,,7,,,2,,,,,,,,,,,,,,,,,,,,,,,,,,,,,,,,,,,,,,,,,,,,,,,,,,,,,,,,,,,
S.Shields,00-0027440,yes,LA,DB,,,,,,,,,,,,,,6,,,,,,,,,,,,,,,,,,,,,,,,,,,,,,,,,,,,,,,,,,,,,,,,,,,,,,,,,,,,,,
A.Bailey,00-0028024,no,KC,DE,,,2,1,2,,,,,1,1.0,-1,1,1,,,,,,,,,,,,,,,,,,,,,,,,,,,,,,,,,,,,,,,,,,,,,,,,,,,,,,,,,,,,,,
R.Havenstein,00-0032242,yes,LA,OT,,,,,,,,,,,,,,1,,,,,,,,,,,,,,,,,,,,,,,,,,,,,,,,,,,,,,,,,,,,,,,,,,,,,,,,,,,,,,
R.Wilson,00-0031943,yes,LA,LB,,,,,,,,,,,,,,,,,,,,,,,,,,,,,,,,,,,,,,,,,,,,,,,,,,,,,,1,10,,,,,,,,,,,,,,,,,,,,,
B.Niemann,00-0034296,no,KC,LB,,,,,,,,,,,,,,1,,,,,,,,,,,,,,,,,,,,,,,,,,,,,,,,,,,,,,,,,,,,,,,,,,,,,,,,,,,,,,
J.Lucas,00-0032797,no,KC,DB,,,,,,,,,,,,,,,,,,,,,,,,,,,,,,,,,,,,,,,,,,,,,,,,,,,,,,1,3,,,,,,,,,,,,,,,,,,,,,
J.Hekker,00-0028872,yes,LA,P,,,,,,,,,,,,,,,,,,,,,,,,,,,,,,,,,,,,,,,,,,,,,,,,,,,,,,,,3,4,,222,,,,,,,,,,,,,,,,,
A.Donald,00-0031388,yes,LA,DT,2,2,,,,,,,,2,2.0,-27,,2,,,,,,,,,,,,,,,,,,,,,,,,,,,,,,,,,,,,,,,,1,5,,,,,,,,,,,,,,,,,,,,,
M.Brockers,00-0029630,yes,LA,DT,1,,,,,,,,,,,,,1,,,1,,,,,,,,,,,,,,,,,,,,,,,,,,,,,,,,,,,,,,,,,,,,,,,,,,,,,,,,,,,
S.Ebukam,00-0033945,yes,LA,LB,1,,1,1,11,1,1,25,1,2,1.0,-3,2,2,1,3,,,,,,,,,,,,,,,,,,,,,,,,,,,,,,,,,,,,,,,,,,,,,,,,,,,,,,,,,,,,
N.Robey,00-0030041,yes,LA,DB,,,,,,,,,,,,,,2,,,,,,,,,,,,,,,,,,,,,,,,,,,,,,,,,,,,,,,,,,,,,,,,,,,,,,,,,,,,,,
M.Christian,00-0032786,yes,LA,DB,,,,,,,,,,,,,,2,,,,,,,,,,,,,,,,,,,,,,,,,,,,,,,,,,,,,,,,,,,,,,,,,,,,,,,,,,,,,,
J.Franklin,00-0034805,yes,LA,DE,,,1,,0,,,,,,,,,,,,,,,,,,,,,,,,,,,,,,,,,,,,,,,,,,,,,,,,,,,,,,,,,,,,,,,,,,,,,,,
A.Reiter,00-0031958,no,KC,C,,,,,,,,,,,,,,1,,,,,,,,,,,,,,,,,,,,,,,,,,,,,,,,,,,,,,,,,,,,,,,,,,,,,,,,,,,,,,
A.Sherman,00-0028074,no,KC,RB,,,,,,,,,,,,,,,,,,,,,,,,,,,,,,,,,,,,,,,,,,,,,,,,,,,,,,1,15,,,,,,,,,,,,,,,,,,,,,
M.Kemp,00-0033481,no,KC,WR,,,,,,,,,,,,,,2,,,,,,,,,,,,,,,,,,,,,,,,,,,,,,,,,,,,,,,,,,,,,,,,,,,,,,,,,,,,,,
J.Houston,00-0028008,no,KC,LB,,1,,,,,,,,,1.0,-12,,4,1,1,,,,,,,,,,,,,,,,,,,,,,,,,,,,,,,,,,,,,,,,,,,,,,,,,,,,,,,,,,,,
S.Ware,00-0030414,no,KC,RB,,,,,,,,,,,,,,,,,,,,,,,,,,,,,,,,,,,,,,,,,,,,,,,,,,,,,,1,10,,,,,,,,,,,,,,,,,,,,,
E.Westbrooks,00-0030986,yes,LA,DT,,,,,,,,,1,1,,,,2,,,1,,,,,,,,,,,,,,,,,,,,,,,,,,,,,,,,,,,,,,,,,,,,,,,,,,,,,,,,,,,
A.Whitworth,00-0024270,yes,LA,OT,,,,,,,,,,,,,,,,,,,,,,,,,,,,,,,,,,,,,,,,,,,,,,,,,,,,,,2,15,,,,,,,,,,,,,,,,,,,,,
B.Countess,00-0032793,yes,LA,CB,,,,,,,,,,,,,,1,,,,,,,,,,,,,,,,,,,,,,,,,,,,,,,,,,,,,,,,,,,,,,,,,,,,,,,,,,,,,,
J.Lawler,00-0034813,yes,LA,DE,,,,,,,,,,,,,,,,,,,,,,,,,,,,,,,,,,,,,,,,,,,,,,,,,,,,,,1,10,,,,,,,,,,,,,,,,,,,,,
N.Suh,00-0027855,yes,LA,DT,1,,,,,,,,,,,,,,,,,,,,,,,,,,,,,,,,,,,,,,,,,,,,,,,,,,,,,,,,,,,,,,,,,,,,,,,,,,,
D.Sorensen,00-0030665,no,KC,DB,,,,,,,,,,,,,,2,,,,,,,,,,,,,,,,,,,,,,,,,,,,,,,,,,,,,,,,,,,,,,,,,,,,,,,,,,,,,,
J.McQuaide,00-0028394,yes,LA,LS,,,,,,,,,,,,,,1,,,,,,,,,,,,,,,,,,,,,,,,,,,,,,,,,,,,,,,,,,,,,,,,,,,,,,,,,,,,,,
